,countryname,child,country_num,year,EMI
0,Afghanistan,all,4.0,1940,
1,Afghanistan,daughter,4.0,1940,
2,Afghanistan,son,4.0,1940,
3,Albania,all,8.0,1940,0.407
4,Albania,daughter,8.0,1940,0.444
5,Albania,son,8.0,1940,0.351
6,Angola,all,24.0,1940,
7,Angola,daughter,24.0,1940,
8,Angola,son,24.0,1940,
9,Argentina,all,32.0,1940,0.451
10,Argentina,daughter,32.0,1940,0.472
11,Argentina,son,32.0,1940,0.424
12,Armenia,all,51.0,1940,0.644
13,Armenia,all,51.0,1940,0.644
14,Armenia,daughter,51.0,1940,0.579
15,Armenia,daughter,51.0,1940,0.579
16,Armenia,son,51.0,1940,0.735
17,Armenia,son,51.0,1940,0.735
18,Australia,all,36.0,1940,0.685
19,Australia,daughter,36.0,1940,0.63
20,Australia,son,36.0,1940,0.738
21,Austria,all,40.0,1940,0.593
22,Austria,daughter,40.0,1940,0.675
23,Austria,son,40.0,1940,0.571
24,Azerbaijan,all,31.0,1940,
25,Azerbaijan,all,31.0,1940,
26,Azerbaijan,daughter,31.0,1940,
27,Azerbaijan,daughter,31.0,1940,
28,Azerbaijan,son,31.0,1940,
29,Azerbaijan,son,31.0,1940,
30,Bangladesh,all,50.0,1940,
31,Bangladesh,daughter,50.0,1940,
32,Bangladesh,son,50.0,1940,
33,Belarus,all,112.0,1940,0.861
34,Belarus,daughter,112.0,1940,0.855
35,Belarus,son,112.0,1940,0.893
36,Belgium,all,56.0,1940,0.595
37,Belgium,daughter,56.0,1940,0.628
38,Belgium,son,56.0,1940,0.55
39,Benin,all,204.0,1940,0.098
40,Benin,daughter,204.0,1940,0.181
41,Benin,son,204.0,1940,0.048
42,Bhutan,all,64.0,1940,0.121
43,Bhutan,daughter,64.0,1940,0.467
44,Bhutan,son,64.0,1940,-0.064
45,Bolivia,all,68.0,1940,0.144
46,Bolivia,daughter,68.0,1940,0.118
47,Bolivia,son,68.0,1940,0.191
48,Bosnia and Herzegovina,all,70.0,1940,0.473
49,Bosnia and Herzegovina,daughter,70.0,1940,0.331
50,Bosnia and Herzegovina,son,70.0,1940,0.6
51,Botswana,all,72.0,1940,
52,Botswana,daughter,72.0,1940,
53,Botswana,son,72.0,1940,
54,Brazil,all,76.0,1940,0.166
55,Brazil,daughter,76.0,1940,0.207
56,Brazil,son,76.0,1940,0.11
57,Bulgaria,all,100.0,1940,0.448
58,Bulgaria,daughter,100.0,1940,0.443
59,Bulgaria,son,100.0,1940,0.452
60,Burkina Faso,all,854.0,1940,
61,Burkina Faso,daughter,854.0,1940,
62,Burkina Faso,son,854.0,1940,
63,Cabo Verde,all,132.0,1940,
64,Cabo Verde,daughter,132.0,1940,
65,Cabo Verde,son,132.0,1940,
66,Cambodia,all,116.0,1940,
67,Cambodia,daughter,116.0,1940,
68,Cambodia,son,116.0,1940,
69,Cameroon,all,120.0,1940,
70,Cameroon,daughter,120.0,1940,
71,Cameroon,son,120.0,1940,
72,Canada,all,124.0,1940,0.717
73,Canada,daughter,124.0,1940,0.706
74,Canada,son,124.0,1940,0.734
75,Central African Republic,all,140.0,1940,
76,Central African Republic,daughter,140.0,1940,
77,Central African Republic,son,140.0,1940,
78,Chad,all,148.0,1940,
79,Chad,daughter,148.0,1940,
80,Chad,son,148.0,1940,
81,Chile,all,152.0,1940,0.36
82,Chile,daughter,152.0,1940,0.378
83,Chile,son,152.0,1940,0.335
84,China,all,156.0,1940,0.647
85,China,daughter,156.0,1940,0.544
86,China,son,156.0,1940,0.765
87,Colombia,all,170.0,1940,0.085
88,Colombia,daughter,170.0,1940,0.109
89,Colombia,son,170.0,1940,0.061
90,Comoros,all,174.0,1940,0.997
91,Comoros,daughter,174.0,1940,1.01
92,Comoros,son,174.0,1940,
93,"Congo, Dem. Rep.",all,180.0,1940,0.528
94,"Congo, Dem. Rep.",daughter,180.0,1940,0.683
95,"Congo, Dem. Rep.",son,180.0,1940,0.505
96,"Congo, Rep.",all,178.0,1940,
97,"Congo, Rep.",daughter,178.0,1940,
98,"Congo, Rep.",son,178.0,1940,
99,Costa Rica,all,188.0,1940,0.527
100,Costa Rica,daughter,188.0,1940,0.507
101,Costa Rica,son,188.0,1940,0.562
102,Cote d'Ivoire,all,384.0,1940,
103,Cote d'Ivoire,daughter,384.0,1940,
104,Cote d'Ivoire,son,384.0,1940,
105,Croatia,all,191.0,1940,0.332
106,Croatia,daughter,191.0,1940,0.175
107,Croatia,son,191.0,1940,0.557
108,Cyprus,all,196.0,1940,0.485
109,Cyprus,all,196.0,1940,0.485
110,Cyprus,daughter,196.0,1940,0.347
111,Cyprus,daughter,196.0,1940,0.347
112,Cyprus,son,196.0,1940,0.69
113,Cyprus,son,196.0,1940,0.69
114,Czech Republic,all,203.0,1940,0.611
115,Czech Republic,daughter,203.0,1940,0.617
116,Czech Republic,son,203.0,1940,0.639
117,Denmark,all,208.0,1940,0.512
118,Denmark,daughter,208.0,1940,0.515
119,Denmark,son,208.0,1940,0.507
120,Djibouti,all,262.0,1940,
121,Djibouti,daughter,262.0,1940,
122,Djibouti,son,262.0,1940,
123,Dominican Republic,all,214.0,1940,0.218
124,Dominican Republic,daughter,214.0,1940,0.149
125,Dominican Republic,son,214.0,1940,0.294
126,Ecuador,all,218.0,1940,0.151
127,Ecuador,daughter,218.0,1940,0.211
128,Ecuador,son,218.0,1940,0.102
129,"Egypt, Arab Rep.",all,818.0,1940,0.095
130,"Egypt, Arab Rep.",daughter,818.0,1940,0.097
131,"Egypt, Arab Rep.",son,818.0,1940,0.102
132,El Salvador,all,222.0,1940,0.284
133,El Salvador,daughter,222.0,1940,0.275
134,El Salvador,son,222.0,1940,0.301
135,Estonia,all,233.0,1940,0.743
136,Estonia,daughter,233.0,1940,0.769
137,Estonia,son,233.0,1940,0.697
138,Ethiopia,all,231.0,1940,0.573
139,Ethiopia,daughter,231.0,1940,0.595
140,Ethiopia,son,231.0,1940,0.545
141,Fiji,all,242.0,1940,
142,Fiji,daughter,242.0,1940,
143,Fiji,son,242.0,1940,
144,Finland,all,246.0,1940,0.648
145,Finland,daughter,246.0,1940,0.661
146,Finland,son,246.0,1940,0.635
147,France,all,250.0,1940,0.467
148,France,daughter,250.0,1940,0.468
149,France,son,250.0,1940,0.461
150,Gabon,all,266.0,1940,
151,Gabon,daughter,266.0,1940,
152,Gabon,son,266.0,1940,
153,Georgia,all,268.0,1940,0.708
154,Georgia,all,268.0,1940,0.708
155,Georgia,daughter,268.0,1940,0.725
156,Georgia,daughter,268.0,1940,0.725
157,Georgia,son,268.0,1940,0.686
158,Georgia,son,268.0,1940,0.686
159,Germany,all,276.0,1940,0.62
160,Germany,daughter,276.0,1940,0.599
161,Germany,son,276.0,1940,0.674
162,Ghana,all,288.0,1940,0.338
163,Ghana,daughter,288.0,1940,0.399
164,Ghana,son,288.0,1940,0.26
165,Greece,all,300.0,1940,0.4
166,Greece,daughter,300.0,1940,0.435
167,Greece,son,300.0,1940,0.349
168,Guatemala,all,320.0,1940,0.075
169,Guatemala,daughter,320.0,1940,0.138
170,Guatemala,son,320.0,1940,-0.055
171,Guinea,all,324.0,1940,0.577
172,Guinea,daughter,324.0,1940,0.777
173,Guinea,son,324.0,1940,0.404
174,Guinea-Bissau,all,624.0,1940,
175,Guinea-Bissau,daughter,624.0,1940,
176,Guinea-Bissau,son,624.0,1940,
177,Honduras,all,340.0,1940,0.378
178,Honduras,daughter,340.0,1940,0.269
179,Honduras,son,340.0,1940,0.466
180,Hungary,all,348.0,1940,0.519
181,Hungary,daughter,348.0,1940,0.543
182,Hungary,son,348.0,1940,0.492
183,Iceland,all,352.0,1940,0.462
184,Iceland,daughter,352.0,1940,
185,Iceland,son,352.0,1940,
186,India,all,356.0,1940,0.021
187,India,daughter,356.0,1940,0.539
188,India,son,356.0,1940,0.005
189,Indonesia,all,360.0,1940,0.373
190,Indonesia,daughter,360.0,1940,0.353
191,Indonesia,son,360.0,1940,0.385
192,"Iran, Islamic Rep.",all,364.0,1940,
193,"Iran, Islamic Rep.",daughter,364.0,1940,
194,"Iran, Islamic Rep.",son,364.0,1940,
195,Iraq,all,368.0,1940,0.114
196,Iraq,daughter,368.0,1940,-0.133
197,Iraq,son,368.0,1940,0.297
198,Ireland,all,372.0,1940,0.56
199,Ireland,daughter,372.0,1940,0.538
200,Ireland,son,372.0,1940,0.579
201,Israel,all,376.0,1940,0.613
202,Israel,daughter,376.0,1940,0.616
203,Israel,son,376.0,1940,0.604
204,Italy,all,380.0,1940,0.412
205,Italy,daughter,380.0,1940,0.41
206,Italy,son,380.0,1940,0.417
207,Japan,all,392.0,1940,0.663
208,Japan,daughter,392.0,1940,0.689
209,Japan,son,392.0,1940,0.643
210,Jordan,all,400.0,1940,0.436
211,Jordan,daughter,400.0,1940,0.193
212,Jordan,son,400.0,1940,0.588
213,Kazakhstan,all,398.0,1940,0.788
214,Kazakhstan,all,398.0,1940,0.788
215,Kazakhstan,daughter,398.0,1940,0.774
216,Kazakhstan,daughter,398.0,1940,0.774
217,Kazakhstan,son,398.0,1940,
218,Kazakhstan,son,398.0,1940,
219,Kenya,all,404.0,1940,
220,Kenya,daughter,404.0,1940,
221,Kenya,son,404.0,1940,
222,Kiribati,all,296.0,1940,
223,Kiribati,daughter,296.0,1940,
224,Kiribati,son,296.0,1940,
225,"Korea, Rep.",all,410.0,1940,0.491
226,"Korea, Rep.",daughter,410.0,1940,0.489
227,"Korea, Rep.",son,410.0,1940,0.523
228,Kyrgyz Republic,all,417.0,1940,0.724
229,Kyrgyz Republic,daughter,417.0,1940,0.695
230,Kyrgyz Republic,son,417.0,1940,0.806
231,Lao PDR,all,418.0,1940,
232,Lao PDR,daughter,418.0,1940,
233,Lao PDR,son,418.0,1940,
234,Latvia,all,428.0,1940,0.66
235,Latvia,daughter,428.0,1940,0.623
236,Latvia,son,428.0,1940,0.729
237,Lebanon,all,422.0,1940,
238,Lebanon,daughter,422.0,1940,
239,Lebanon,son,422.0,1940,
240,Lesotho,all,426.0,1940,
241,Lesotho,daughter,426.0,1940,
242,Lesotho,son,426.0,1940,
243,Liberia,all,430.0,1940,0.374
244,Liberia,daughter,430.0,1940,0.504
245,Liberia,son,430.0,1940,0.297
246,Lithuania,all,440.0,1940,0.708
247,Lithuania,daughter,440.0,1940,0.674
248,Lithuania,son,440.0,1940,0.761
249,"Macedonia, FYR",all,807.0,1940,0.217
250,"Macedonia, FYR",daughter,807.0,1940,0.21
251,"Macedonia, FYR",son,807.0,1940,0.19
252,Madagascar,all,450.0,1940,0.341
253,Madagascar,daughter,450.0,1940,0.416
254,Madagascar,son,450.0,1940,0.323
255,Malawi,all,454.0,1940,0.466
256,Malawi,daughter,454.0,1940,0.496
257,Malawi,son,454.0,1940,0.311
258,Malaysia,all,458.0,1940,
259,Malaysia,daughter,458.0,1940,
260,Malaysia,son,458.0,1940,
261,Maldives,all,462.0,1940,
262,Maldives,daughter,462.0,1940,
263,Maldives,son,462.0,1940,
264,Mali,all,466.0,1940,0.292
265,Mali,daughter,466.0,1940,0.578
266,Mali,son,466.0,1940,0.161
267,Mauritania,all,478.0,1940,0.953
268,Mauritania,daughter,478.0,1940,0.983
269,Mauritania,son,478.0,1940,0.926
270,Mauritius,all,480.0,1940,
271,Mauritius,daughter,480.0,1940,
272,Mauritius,son,480.0,1940,
273,Mexico,all,484.0,1940,0.349
274,Mexico,daughter,484.0,1940,0.434
275,Mexico,son,484.0,1940,0.178
276,Moldova,all,498.0,1940,0.66
277,Moldova,daughter,498.0,1940,0.625
278,Moldova,son,498.0,1940,0.765
279,Mongolia,all,496.0,1940,0.818
280,Mongolia,daughter,496.0,1940,0.805
281,Mongolia,son,496.0,1940,
282,Montenegro,all,499.0,1940,0.516
283,Montenegro,daughter,499.0,1940,0.475
284,Montenegro,son,499.0,1940,0.563
285,Morocco,all,504.0,1940,0.356
286,Morocco,daughter,504.0,1940,0.641
287,Morocco,son,504.0,1940,0.232
288,Mozambique,all,508.0,1940,
289,Mozambique,daughter,508.0,1940,
290,Mozambique,son,508.0,1940,
291,Namibia,all,516.0,1940,
292,Namibia,daughter,516.0,1940,
293,Namibia,son,516.0,1940,
294,Nepal,all,524.0,1940,0.176
295,Nepal,daughter,524.0,1940,0.425
296,Nepal,son,524.0,1940,0.075
297,Netherlands,all,528.0,1940,0.555
298,Netherlands,daughter,528.0,1940,0.543
299,Netherlands,son,528.0,1940,0.567
300,New Zealand,all,554.0,1940,0.773
301,New Zealand,daughter,554.0,1940,0.802
302,New Zealand,son,554.0,1940,0.751
303,Nicaragua,all,558.0,1940,0.417
304,Nicaragua,daughter,558.0,1940,0.388
305,Nicaragua,son,558.0,1940,0.439
306,Niger,all,562.0,1940,0.715
307,Niger,daughter,562.0,1940,0.788
308,Niger,son,562.0,1940,0.688
309,Nigeria,all,566.0,1940,0.661
310,Nigeria,daughter,566.0,1940,0.648
311,Nigeria,son,566.0,1940,0.748
312,Norway,all,578.0,1940,0.633
313,Norway,daughter,578.0,1940,0.537
314,Norway,son,578.0,1940,0.719
315,Pakistan,all,586.0,1940,0.337
316,Pakistan,daughter,586.0,1940,0.435
317,Pakistan,son,586.0,1940,0.176
318,Panama,all,591.0,1940,0.194
319,Panama,daughter,591.0,1940,0.13
320,Panama,son,591.0,1940,0.256
321,Papua New Guinea,all,598.0,1940,
322,Papua New Guinea,daughter,598.0,1940,
323,Papua New Guinea,son,598.0,1940,
324,Paraguay,all,600.0,1940,0.433
325,Paraguay,daughter,600.0,1940,0.367
326,Paraguay,son,600.0,1940,0.48
327,Peru,all,604.0,1940,0.089
328,Peru,daughter,604.0,1940,0.072
329,Peru,son,604.0,1940,0.101
330,Philippines,all,608.0,1940,0.67
331,Philippines,daughter,608.0,1940,0.581
332,Philippines,son,608.0,1940,0.747
333,Poland,all,616.0,1940,0.652
334,Poland,daughter,616.0,1940,0.708
335,Poland,son,616.0,1940,0.602
336,Portugal,all,620.0,1940,0.35
337,Portugal,daughter,620.0,1940,0.306
338,Portugal,son,620.0,1940,0.409
339,Romania,all,642.0,1940,0.397
340,Romania,daughter,642.0,1940,0.418
341,Romania,son,642.0,1940,0.427
342,Russian Federation,all,643.0,1940,0.733
343,Russian Federation,all,643.0,1940,0.733
344,Russian Federation,daughter,643.0,1940,0.74
345,Russian Federation,daughter,643.0,1940,0.74
346,Russian Federation,son,643.0,1940,0.716
347,Russian Federation,son,643.0,1940,0.716
348,Rwanda,all,646.0,1940,0.33
349,Rwanda,daughter,646.0,1940,0.315
350,Rwanda,son,646.0,1940,0.315
351,Sao Tome and Principe,all,678.0,1940,
352,Sao Tome and Principe,daughter,678.0,1940,
353,Sao Tome and Principe,son,678.0,1940,
354,Senegal,all,686.0,1940,0.532
355,Senegal,daughter,686.0,1940,0.464
356,Senegal,son,686.0,1940,0.578
357,Serbia,all,688.0,1940,0.37
358,Serbia,daughter,688.0,1940,0.335
359,Serbia,son,688.0,1940,0.44
360,Sierra Leone,all,694.0,1940,
361,Sierra Leone,daughter,694.0,1940,
362,Sierra Leone,son,694.0,1940,
363,Slovak Republic,all,703.0,1940,0.707
364,Slovak Republic,daughter,703.0,1940,0.713
365,Slovak Republic,son,703.0,1940,0.703
366,Slovenia,all,705.0,1940,0.579
367,Slovenia,daughter,705.0,1940,0.553
368,Slovenia,son,705.0,1940,0.618
369,South Africa,all,710.0,1940,0.209
370,South Africa,daughter,710.0,1940,0.191
371,South Africa,son,710.0,1940,0.238
372,South Sudan,all,728.0,1940,
373,South Sudan,daughter,728.0,1940,
374,South Sudan,son,728.0,1940,
375,Spain,all,724.0,1940,0.334
376,Spain,daughter,724.0,1940,0.405
377,Spain,son,724.0,1940,0.261
378,Sri Lanka,all,144.0,1940,0.565
379,Sri Lanka,daughter,144.0,1940,0.585
380,Sri Lanka,son,144.0,1940,
381,Sudan,all,736.0,1940,
382,Sudan,daughter,736.0,1940,
383,Sudan,son,736.0,1940,
384,Swaziland,all,748.0,1940,
385,Swaziland,daughter,748.0,1940,
386,Swaziland,son,748.0,1940,
387,Sweden,all,752.0,1940,0.684
388,Sweden,daughter,752.0,1940,0.72
389,Sweden,son,752.0,1940,0.644
390,Switzerland,all,756.0,1940,0.672
391,Switzerland,daughter,756.0,1940,0.703
392,Switzerland,son,756.0,1940,0.62
393,"Taiwan, China",all,158.0,1940,0.286
394,"Taiwan, China",daughter,158.0,1940,0.251
395,"Taiwan, China",son,158.0,1940,0.395
396,Tajikistan,all,762.0,1940,0.765
397,Tajikistan,daughter,762.0,1940,
398,Tajikistan,son,762.0,1940,
399,Tanzania,all,834.0,1940,0.458
400,Tanzania,daughter,834.0,1940,0.447
401,Tanzania,son,834.0,1940,0.502
402,Thailand,all,764.0,1940,
403,Thailand,daughter,764.0,1940,
404,Thailand,son,764.0,1940,
405,Timor-Leste,all,626.0,1940,0.556
406,Timor-Leste,daughter,626.0,1940,0.818
407,Timor-Leste,son,626.0,1940,0.243
408,Togo,all,768.0,1940,0.083
409,Togo,daughter,768.0,1940,0.115
410,Togo,son,768.0,1940,0.124
411,Tonga,all,776.0,1940,
412,Tonga,daughter,776.0,1940,
413,Tonga,son,776.0,1940,
414,Tunisia,all,788.0,1940,0.028
415,Tunisia,daughter,788.0,1940,0.304
416,Tunisia,son,788.0,1940,-0.163
417,Turkey,all,792.0,1940,0.179
418,Turkey,all,792.0,1940,0.179
419,Turkey,daughter,792.0,1940,
420,Turkey,daughter,792.0,1940,
421,Turkey,son,792.0,1940,
422,Turkey,son,792.0,1940,
423,Tuvalu,all,798.0,1940,
424,Uganda,all,800.0,1940,0.185
425,Uganda,daughter,800.0,1940,-1.811
426,Uganda,son,800.0,1940,0.323
427,Ukraine,all,804.0,1940,0.757
428,Ukraine,daughter,804.0,1940,0.754
429,Ukraine,son,804.0,1940,0.76
430,United Kingdom,all,826.0,1940,0.64
431,United Kingdom,daughter,826.0,1940,0.694
432,United Kingdom,son,826.0,1940,0.591
433,United States,all,840.0,1940,0.669
434,United States,daughter,840.0,1940,0.724
435,United States,son,840.0,1940,0.602
436,Uruguay,all,858.0,1940,0.423
437,Uruguay,daughter,858.0,1940,0.454
438,Uruguay,son,858.0,1940,0.37
439,Uzbekistan,all,860.0,1940,0.868
440,Uzbekistan,daughter,860.0,1940,0.817
441,Uzbekistan,son,860.0,1940,0.886
442,Vanuatu,all,548.0,1940,
443,Vanuatu,daughter,548.0,1940,
444,Vanuatu,son,548.0,1940,
445,"Venezuela, RB",all,862.0,1940,0.572
446,"Venezuela, RB",daughter,862.0,1940,0.652
447,"Venezuela, RB",son,862.0,1940,0.499
448,Vietnam,all,704.0,1940,0.565
449,Vietnam,daughter,704.0,1940,0.488
450,Vietnam,son,704.0,1940,
451,West Bank and Gaza,all,275.0,1940,
452,West Bank and Gaza,daughter,275.0,1940,
453,West Bank and Gaza,son,275.0,1940,
454,"Yemen, Rep.",all,887.0,1940,
455,"Yemen, Rep.",daughter,887.0,1940,
456,"Yemen, Rep.",son,887.0,1940,
457,Zambia,all,894.0,1940,
458,Zambia,daughter,894.0,1940,
459,Zambia,son,894.0,1940,
460,Africa,all,475.0444444444444,1940,0.418
461,Africa,daughter,475.0444444444444,1940,0.401
462,Africa,son,475.0444444444444,1940,0.356
463,Asia,all,404.36842105263156,1940,0.513
464,Asia,daughter,404.36842105263156,1940,0.534
465,Asia,son,404.36842105263156,1940,0.495
466,Europe,all,412.51162790697674,1940,0.555
467,Europe,daughter,412.51162790697674,1940,0.557
468,Europe,son,412.51162790697674,1940,0.58
469,North America,all,388.1,1940,0.383
470,North America,daughter,388.1,1940,0.372
471,North America,son,388.1,1940,0.378
472,Oceania,all,481.0,1940,0.729
473,Oceania,daughter,435.7142857142857,1940,0.716
474,Oceania,son,435.7142857142857,1940,0.745
475,South America,all,364.0,1940,0.287
476,South America,daughter,364.0,1940,0.304
477,South America,son,364.0,1940,0.267
478,Developing economies,all,434.7155172413793,1940,0.442
479,Developing economies,daughter,431.55652173913046,1940,0.443
480,Developing economies,son,431.55652173913046,1940,0.408
481,High-income economies,all,405.86842105263156,1940,0.561
482,High-income economies,daughter,405.86842105263156,1940,0.558
483,High-income economies,son,405.86842105263156,1940,0.579
484,Afghanistan,all,4.0,1950,
485,Afghanistan,daughter,4.0,1950,
486,Afghanistan,son,4.0,1950,
487,Albania,all,8.0,1950,0.582
488,Albania,daughter,8.0,1950,0.493
489,Albania,son,8.0,1950,0.674
490,Angola,all,24.0,1950,
491,Angola,daughter,24.0,1950,
492,Angola,son,24.0,1950,
493,Argentina,all,32.0,1950,0.417
494,Argentina,daughter,32.0,1950,0.436
495,Argentina,son,32.0,1950,0.393
496,Armenia,all,51.0,1950,0.702
497,Armenia,all,51.0,1950,0.702
498,Armenia,daughter,51.0,1950,0.671
499,Armenia,daughter,51.0,1950,0.671
500,Armenia,son,51.0,1950,0.748
501,Armenia,son,51.0,1950,0.748
502,Australia,all,36.0,1950,0.785
503,Australia,daughter,36.0,1950,0.774
504,Australia,son,36.0,1950,0.804
505,Austria,all,40.0,1950,0.592
506,Austria,daughter,40.0,1950,0.611
507,Austria,son,40.0,1950,0.578
508,Azerbaijan,all,31.0,1950,0.9
509,Azerbaijan,all,31.0,1950,0.9
510,Azerbaijan,daughter,31.0,1950,0.913
511,Azerbaijan,daughter,31.0,1950,0.913
512,Azerbaijan,son,31.0,1950,0.875
513,Azerbaijan,son,31.0,1950,0.875
514,Bangladesh,all,50.0,1950,
515,Bangladesh,daughter,50.0,1950,
516,Bangladesh,son,50.0,1950,
517,Belarus,all,112.0,1950,0.783
518,Belarus,daughter,112.0,1950,0.808
519,Belarus,son,112.0,1950,0.722
520,Belgium,all,56.0,1950,0.594
521,Belgium,daughter,56.0,1950,0.631
522,Belgium,son,56.0,1950,0.553
523,Benin,all,204.0,1950,0.191
524,Benin,daughter,204.0,1950,0.315
525,Benin,son,204.0,1950,0.101
526,Bhutan,all,64.0,1950,0.201
527,Bhutan,daughter,64.0,1950,0.244
528,Bhutan,son,64.0,1950,0.242
529,Bolivia,all,68.0,1950,0.171
530,Bolivia,daughter,68.0,1950,0.105
531,Bolivia,son,68.0,1950,0.248
532,Bosnia and Herzegovina,all,70.0,1950,0.477
533,Bosnia and Herzegovina,daughter,70.0,1950,0.34
534,Bosnia and Herzegovina,son,70.0,1950,0.613
535,Botswana,all,72.0,1950,
536,Botswana,daughter,72.0,1950,
537,Botswana,son,72.0,1950,
538,Brazil,all,76.0,1950,0.277
539,Brazil,daughter,76.0,1950,0.291
540,Brazil,son,76.0,1950,0.261
541,Bulgaria,all,100.0,1950,0.498
542,Bulgaria,daughter,100.0,1950,0.5
543,Bulgaria,son,100.0,1950,0.499
544,Burkina Faso,all,854.0,1950,
545,Burkina Faso,daughter,854.0,1950,
546,Burkina Faso,son,854.0,1950,
547,Cabo Verde,all,132.0,1950,
548,Cabo Verde,daughter,132.0,1950,
549,Cabo Verde,son,132.0,1950,
550,Cambodia,all,116.0,1950,
551,Cambodia,daughter,116.0,1950,
552,Cambodia,son,116.0,1950,
553,Cameroon,all,120.0,1950,
554,Cameroon,daughter,120.0,1950,
555,Cameroon,son,120.0,1950,
556,Canada,all,124.0,1950,0.792
557,Canada,daughter,124.0,1950,0.775
558,Canada,son,124.0,1950,0.81
559,Central African Republic,all,140.0,1950,
560,Central African Republic,daughter,140.0,1950,
561,Central African Republic,son,140.0,1950,
562,Chad,all,148.0,1950,
563,Chad,daughter,148.0,1950,
564,Chad,son,148.0,1950,
565,Chile,all,152.0,1950,0.454
566,Chile,daughter,152.0,1950,0.451
567,Chile,son,152.0,1950,0.459
568,China,all,156.0,1950,0.602
569,China,daughter,156.0,1950,0.524
570,China,son,156.0,1950,0.674
571,Colombia,all,170.0,1950,0.211
572,Colombia,daughter,170.0,1950,0.254
573,Colombia,son,170.0,1950,0.165
574,Comoros,all,174.0,1950,0.949
575,Comoros,daughter,174.0,1950,0.831
576,Comoros,son,174.0,1950,1.017
577,"Congo, Dem. Rep.",all,180.0,1950,0.461
578,"Congo, Dem. Rep.",daughter,180.0,1950,0.545
579,"Congo, Dem. Rep.",son,180.0,1950,0.471
580,"Congo, Rep.",all,178.0,1950,
581,"Congo, Rep.",daughter,178.0,1950,
582,"Congo, Rep.",son,178.0,1950,
583,Costa Rica,all,188.0,1950,0.59
584,Costa Rica,daughter,188.0,1950,0.583
585,Costa Rica,son,188.0,1950,0.594
586,Cote d'Ivoire,all,384.0,1950,
587,Cote d'Ivoire,daughter,384.0,1950,
588,Cote d'Ivoire,son,384.0,1950,
589,Croatia,all,191.0,1950,0.53
590,Croatia,daughter,191.0,1950,0.424
591,Croatia,son,191.0,1950,0.636
592,Cyprus,all,196.0,1950,0.598
593,Cyprus,all,196.0,1950,0.598
594,Cyprus,daughter,196.0,1950,0.602
595,Cyprus,daughter,196.0,1950,0.602
596,Cyprus,son,196.0,1950,0.621
597,Cyprus,son,196.0,1950,0.621
598,Czech Republic,all,203.0,1950,0.564
599,Czech Republic,daughter,203.0,1950,0.597
600,Czech Republic,son,203.0,1950,0.537
601,Denmark,all,208.0,1950,0.645
602,Denmark,daughter,208.0,1950,0.676
603,Denmark,son,208.0,1950,0.613
604,Djibouti,all,262.0,1950,
605,Djibouti,daughter,262.0,1950,
606,Djibouti,son,262.0,1950,
607,Dominican Republic,all,214.0,1950,0.473
608,Dominican Republic,daughter,214.0,1950,0.574
609,Dominican Republic,son,214.0,1950,0.394
610,Ecuador,all,218.0,1950,0.213
611,Ecuador,daughter,218.0,1950,0.214
612,Ecuador,son,218.0,1950,0.214
613,"Egypt, Arab Rep.",all,818.0,1950,0.166
614,"Egypt, Arab Rep.",daughter,818.0,1950,0.083
615,"Egypt, Arab Rep.",son,818.0,1950,0.245
616,El Salvador,all,222.0,1950,0.27
617,El Salvador,daughter,222.0,1950,0.254
618,El Salvador,son,222.0,1950,0.304
619,Estonia,all,233.0,1950,0.762
620,Estonia,daughter,233.0,1950,0.806
621,Estonia,son,233.0,1950,0.702
622,Ethiopia,all,231.0,1950,0.298
623,Ethiopia,daughter,231.0,1950,0.555
624,Ethiopia,son,231.0,1950,0.202
625,Fiji,all,242.0,1950,
626,Fiji,daughter,242.0,1950,
627,Fiji,son,242.0,1950,
628,Finland,all,246.0,1950,0.699
629,Finland,daughter,246.0,1950,0.709
630,Finland,son,246.0,1950,0.683
631,France,all,250.0,1950,0.604
632,France,daughter,250.0,1950,0.586
633,France,son,250.0,1950,0.623
634,Gabon,all,266.0,1950,
635,Gabon,daughter,266.0,1950,
636,Gabon,son,266.0,1950,
637,Georgia,all,268.0,1950,0.649
638,Georgia,all,268.0,1950,0.649
639,Georgia,daughter,268.0,1950,0.738
640,Georgia,daughter,268.0,1950,0.738
641,Georgia,son,268.0,1950,0.514
642,Georgia,son,268.0,1950,0.514
643,Germany,all,276.0,1950,0.685
644,Germany,daughter,276.0,1950,0.699
645,Germany,son,276.0,1950,0.669
646,Ghana,all,288.0,1950,0.494
647,Ghana,daughter,288.0,1950,0.435
648,Ghana,son,288.0,1950,0.514
649,Greece,all,300.0,1950,0.412
650,Greece,daughter,300.0,1950,0.428
651,Greece,son,300.0,1950,0.4
652,Guatemala,all,320.0,1950,-0.031
653,Guatemala,daughter,320.0,1950,0.031
654,Guatemala,son,320.0,1950,-0.108
655,Guinea,all,324.0,1950,0.385
656,Guinea,daughter,324.0,1950,0.42
657,Guinea,son,324.0,1950,0.376
658,Guinea-Bissau,all,624.0,1950,
659,Guinea-Bissau,daughter,624.0,1950,
660,Guinea-Bissau,son,624.0,1950,
661,Honduras,all,340.0,1950,0.311
662,Honduras,daughter,340.0,1950,0.237
663,Honduras,son,340.0,1950,0.363
664,Hungary,all,348.0,1950,0.595
665,Hungary,daughter,348.0,1950,0.548
666,Hungary,son,348.0,1950,0.661
667,Iceland,all,352.0,1950,0.781
668,Iceland,daughter,352.0,1950,0.458
669,Iceland,son,352.0,1950,0.929
670,India,all,356.0,1950,0.151
671,India,daughter,356.0,1950,0.114
672,India,son,356.0,1950,0.177
673,Indonesia,all,360.0,1950,0.412
674,Indonesia,daughter,360.0,1950,0.419
675,Indonesia,son,360.0,1950,0.396
676,"Iran, Islamic Rep.",all,364.0,1950,
677,"Iran, Islamic Rep.",daughter,364.0,1950,
678,"Iran, Islamic Rep.",son,364.0,1950,
679,Iraq,all,368.0,1950,0.125
680,Iraq,daughter,368.0,1950,-0.014
681,Iraq,son,368.0,1950,0.294
682,Ireland,all,372.0,1950,0.663
683,Ireland,daughter,372.0,1950,0.639
684,Ireland,son,372.0,1950,0.691
685,Israel,all,376.0,1950,0.691
686,Israel,daughter,376.0,1950,0.682
687,Israel,son,376.0,1950,0.706
688,Italy,all,380.0,1950,0.439
689,Italy,daughter,380.0,1950,0.438
690,Italy,son,380.0,1950,0.438
691,Japan,all,392.0,1950,0.732
692,Japan,daughter,392.0,1950,0.736
693,Japan,son,392.0,1950,0.728
694,Jordan,all,400.0,1950,0.469
695,Jordan,daughter,400.0,1950,0.33
696,Jordan,son,400.0,1950,0.595
697,Kazakhstan,all,398.0,1950,0.863
698,Kazakhstan,all,398.0,1950,0.863
699,Kazakhstan,daughter,398.0,1950,0.881
700,Kazakhstan,daughter,398.0,1950,0.881
701,Kazakhstan,son,398.0,1950,0.818
702,Kazakhstan,son,398.0,1950,0.818
703,Kenya,all,404.0,1950,1.018
704,Kenya,daughter,404.0,1950,
705,Kenya,son,404.0,1950,0.913
706,Kiribati,all,296.0,1950,
707,Kiribati,daughter,296.0,1950,
708,Kiribati,son,296.0,1950,
709,"Korea, Rep.",all,410.0,1950,0.58
710,"Korea, Rep.",daughter,410.0,1950,0.555
711,"Korea, Rep.",son,410.0,1950,0.617
712,Kyrgyz Republic,all,417.0,1950,0.818
713,Kyrgyz Republic,daughter,417.0,1950,0.826
714,Kyrgyz Republic,son,417.0,1950,0.809
715,Lao PDR,all,418.0,1950,0.261
716,Lao PDR,daughter,418.0,1950,0.814
717,Lao PDR,son,418.0,1950,-0.018
718,Latvia,all,428.0,1950,0.871
719,Latvia,daughter,428.0,1950,0.939
720,Latvia,son,428.0,1950,0.762
721,Lebanon,all,422.0,1950,
722,Lebanon,daughter,422.0,1950,
723,Lebanon,son,422.0,1950,
724,Lesotho,all,426.0,1950,
725,Lesotho,daughter,426.0,1950,
726,Lesotho,son,426.0,1950,
727,Liberia,all,430.0,1950,0.467
728,Liberia,daughter,430.0,1950,0.474
729,Liberia,son,430.0,1950,0.518
730,Lithuania,all,440.0,1950,0.838
731,Lithuania,daughter,440.0,1950,0.814
732,Lithuania,son,440.0,1950,0.85
733,"Macedonia, FYR",all,807.0,1950,0.411
734,"Macedonia, FYR",daughter,807.0,1950,0.342
735,"Macedonia, FYR",son,807.0,1950,0.497
736,Madagascar,all,450.0,1950,0.302
737,Madagascar,daughter,450.0,1950,0.276
738,Madagascar,son,450.0,1950,0.311
739,Malawi,all,454.0,1950,0.626
740,Malawi,daughter,454.0,1950,0.709
741,Malawi,son,454.0,1950,0.634
742,Malaysia,all,458.0,1950,
743,Malaysia,daughter,458.0,1950,
744,Malaysia,son,458.0,1950,
745,Maldives,all,462.0,1950,
746,Maldives,daughter,462.0,1950,
747,Maldives,son,462.0,1950,
748,Mali,all,466.0,1950,0.433
749,Mali,daughter,466.0,1950,0.515
750,Mali,son,466.0,1950,0.414
751,Mauritania,all,478.0,1950,0.757
752,Mauritania,daughter,478.0,1950,0.932
753,Mauritania,son,478.0,1950,0.545
754,Mauritius,all,480.0,1950,
755,Mauritius,daughter,480.0,1950,
756,Mauritius,son,480.0,1950,
757,Mexico,all,484.0,1950,0.359
758,Mexico,daughter,484.0,1950,0.476
759,Mexico,son,484.0,1950,0.281
760,Moldova,all,498.0,1950,0.781
761,Moldova,daughter,498.0,1950,0.759
762,Moldova,son,498.0,1950,0.809
763,Mongolia,all,496.0,1950,0.765
764,Mongolia,daughter,496.0,1950,0.744
765,Mongolia,son,496.0,1950,0.794
766,Montenegro,all,499.0,1950,0.488
767,Montenegro,daughter,499.0,1950,0.381
768,Montenegro,son,499.0,1950,0.579
769,Morocco,all,504.0,1950,0.276
770,Morocco,daughter,504.0,1950,0.284
771,Morocco,son,504.0,1950,0.304
772,Mozambique,all,508.0,1950,
773,Mozambique,daughter,508.0,1950,
774,Mozambique,son,508.0,1950,
775,Namibia,all,516.0,1950,
776,Namibia,daughter,516.0,1950,
777,Namibia,son,516.0,1950,
778,Nepal,all,524.0,1950,0.161
779,Nepal,daughter,524.0,1950,0.389
780,Nepal,son,524.0,1950,-0.012
781,Netherlands,all,528.0,1950,0.565
782,Netherlands,daughter,528.0,1950,0.56
783,Netherlands,son,528.0,1950,0.582
784,New Zealand,all,554.0,1950,0.836
785,New Zealand,daughter,554.0,1950,0.823
786,New Zealand,son,554.0,1950,0.846
787,Nicaragua,all,558.0,1950,0.413
788,Nicaragua,daughter,558.0,1950,0.468
789,Nicaragua,son,558.0,1950,0.353
790,Niger,all,562.0,1950,0.366
791,Niger,daughter,562.0,1950,0.433
792,Niger,son,562.0,1950,0.392
793,Nigeria,all,566.0,1950,0.573
794,Nigeria,daughter,566.0,1950,0.507
795,Nigeria,son,566.0,1950,0.679
796,Norway,all,578.0,1950,0.679
797,Norway,daughter,578.0,1950,0.638
798,Norway,son,578.0,1950,0.715
799,Pakistan,all,586.0,1950,0.232
800,Pakistan,daughter,586.0,1950,0.341
801,Pakistan,son,586.0,1950,0.141
802,Panama,all,591.0,1950,0.352
803,Panama,daughter,591.0,1950,0.354
804,Panama,son,591.0,1950,0.347
805,Papua New Guinea,all,598.0,1950,
806,Papua New Guinea,daughter,598.0,1950,
807,Papua New Guinea,son,598.0,1950,
808,Paraguay,all,600.0,1950,0.389
809,Paraguay,daughter,600.0,1950,0.379
810,Paraguay,son,600.0,1950,0.395
811,Peru,all,604.0,1950,0.224
812,Peru,daughter,604.0,1950,0.107
813,Peru,son,604.0,1950,0.267
814,Philippines,all,608.0,1950,0.709
815,Philippines,daughter,608.0,1950,0.762
816,Philippines,son,608.0,1950,0.651
817,Poland,all,616.0,1950,0.61
818,Poland,daughter,616.0,1950,0.627
819,Poland,son,616.0,1950,0.59
820,Portugal,all,620.0,1950,0.331
821,Portugal,daughter,620.0,1950,0.285
822,Portugal,son,620.0,1950,0.391
823,Romania,all,642.0,1950,0.429
824,Romania,daughter,642.0,1950,0.373
825,Romania,son,642.0,1950,0.512
826,Russian Federation,all,643.0,1950,0.812
827,Russian Federation,all,643.0,1950,0.812
828,Russian Federation,daughter,643.0,1950,0.791
829,Russian Federation,daughter,643.0,1950,0.791
830,Russian Federation,son,643.0,1950,0.85
831,Russian Federation,son,643.0,1950,0.85
832,Rwanda,all,646.0,1950,0.493
833,Rwanda,daughter,646.0,1950,0.529
834,Rwanda,son,646.0,1950,0.467
835,Sao Tome and Principe,all,678.0,1950,
836,Sao Tome and Principe,daughter,678.0,1950,
837,Sao Tome and Principe,son,678.0,1950,
838,Senegal,all,686.0,1950,0.629
839,Senegal,daughter,686.0,1950,0.644
840,Senegal,son,686.0,1950,0.614
841,Serbia,all,688.0,1950,0.557
842,Serbia,daughter,688.0,1950,0.479
843,Serbia,son,688.0,1950,0.645
844,Sierra Leone,all,694.0,1950,
845,Sierra Leone,daughter,694.0,1950,
846,Sierra Leone,son,694.0,1950,
847,Slovak Republic,all,703.0,1950,0.646
848,Slovak Republic,daughter,703.0,1950,0.622
849,Slovak Republic,son,703.0,1950,0.675
850,Slovenia,all,705.0,1950,0.616
851,Slovenia,daughter,705.0,1950,0.585
852,Slovenia,son,705.0,1950,0.645
853,South Africa,all,710.0,1950,0.314
854,South Africa,daughter,710.0,1950,0.286
855,South Africa,son,710.0,1950,0.346
856,South Sudan,all,728.0,1950,
857,South Sudan,daughter,728.0,1950,
858,South Sudan,son,728.0,1950,
859,Spain,all,724.0,1950,0.444
860,Spain,daughter,724.0,1950,0.518
861,Spain,son,724.0,1950,0.383
862,Sri Lanka,all,144.0,1950,0.658
863,Sri Lanka,daughter,144.0,1950,0.585
864,Sri Lanka,son,144.0,1950,0.734
865,Sudan,all,736.0,1950,
866,Sudan,daughter,736.0,1950,
867,Sudan,son,736.0,1950,
868,Swaziland,all,748.0,1950,
869,Swaziland,daughter,748.0,1950,
870,Swaziland,son,748.0,1950,
871,Sweden,all,752.0,1950,0.769
872,Sweden,daughter,752.0,1950,0.771
873,Sweden,son,752.0,1950,0.765
874,Switzerland,all,756.0,1950,0.614
875,Switzerland,daughter,756.0,1950,0.58
876,Switzerland,son,756.0,1950,0.653
877,"Taiwan, China",all,158.0,1950,0.478
878,"Taiwan, China",daughter,158.0,1950,0.466
879,"Taiwan, China",son,158.0,1950,0.512
880,Tajikistan,all,762.0,1950,0.781
881,Tajikistan,daughter,762.0,1950,0.757
882,Tajikistan,son,762.0,1950,0.842
883,Tanzania,all,834.0,1950,0.366
884,Tanzania,daughter,834.0,1950,0.268
885,Tanzania,son,834.0,1950,0.468
886,Thailand,all,764.0,1950,
887,Thailand,daughter,764.0,1950,
888,Thailand,son,764.0,1950,
889,Timor-Leste,all,626.0,1950,-0.263
890,Timor-Leste,daughter,626.0,1950,-0.334
891,Timor-Leste,son,626.0,1950,-0.273
892,Togo,all,768.0,1950,-0.018
893,Togo,daughter,768.0,1950,0.157
894,Togo,son,768.0,1950,-0.166
895,Tonga,all,776.0,1950,
896,Tonga,daughter,776.0,1950,
897,Tonga,son,776.0,1950,
898,Tunisia,all,788.0,1950,0.271
899,Tunisia,daughter,788.0,1950,0.169
900,Tunisia,son,788.0,1950,0.401
901,Turkey,all,792.0,1950,0.411
902,Turkey,all,792.0,1950,0.411
903,Turkey,daughter,792.0,1950,0.359
904,Turkey,daughter,792.0,1950,0.359
905,Turkey,son,792.0,1950,0.474
906,Turkey,son,792.0,1950,0.474
907,Tuvalu,all,798.0,1950,
908,Uganda,all,800.0,1950,0.395
909,Uganda,daughter,800.0,1950,0.314
910,Uganda,son,800.0,1950,0.513
911,Ukraine,all,804.0,1950,0.8
912,Ukraine,daughter,804.0,1950,0.829
913,Ukraine,son,804.0,1950,0.756
914,United Kingdom,all,826.0,1950,0.673
915,United Kingdom,daughter,826.0,1950,0.638
916,United Kingdom,son,826.0,1950,0.714
917,United States,all,840.0,1950,0.567
918,United States,daughter,840.0,1950,0.597
919,United States,son,840.0,1950,0.534
920,Uruguay,all,858.0,1950,0.508
921,Uruguay,daughter,858.0,1950,0.502
922,Uruguay,son,858.0,1950,0.517
923,Uzbekistan,all,860.0,1950,0.888
924,Uzbekistan,daughter,860.0,1950,0.864
925,Uzbekistan,son,860.0,1950,0.9
926,Vanuatu,all,548.0,1950,
927,Vanuatu,daughter,548.0,1950,
928,Vanuatu,son,548.0,1950,
929,"Venezuela, RB",all,862.0,1950,0.583
930,"Venezuela, RB",daughter,862.0,1950,0.537
931,"Venezuela, RB",son,862.0,1950,0.633
932,Vietnam,all,704.0,1950,0.602
933,Vietnam,daughter,704.0,1950,0.576
934,Vietnam,son,704.0,1950,0.66
935,West Bank and Gaza,all,275.0,1950,
936,West Bank and Gaza,daughter,275.0,1950,
937,West Bank and Gaza,son,275.0,1950,
938,"Yemen, Rep.",all,887.0,1950,
939,"Yemen, Rep.",daughter,887.0,1950,
940,"Yemen, Rep.",son,887.0,1950,
941,Zambia,all,894.0,1950,
942,Zambia,daughter,894.0,1950,
943,Zambia,son,894.0,1950,
944,Africa,all,475.0444444444444,1950,0.444
945,Africa,daughter,475.0444444444444,1950,0.44
946,Africa,son,475.0444444444444,1950,0.447
947,Asia,all,404.36842105263156,1950,0.535
948,Asia,daughter,404.36842105263156,1950,0.548
949,Asia,son,404.36842105263156,1950,0.538
950,Europe,all,412.51162790697674,1950,0.627
951,Europe,daughter,412.51162790697674,1950,0.607
952,Europe,son,412.51162790697674,1950,0.643
953,North America,all,388.1,1950,0.409
954,North America,daughter,388.1,1950,0.435
955,North America,son,388.1,1950,0.387
956,Oceania,all,481.0,1950,0.81
957,Oceania,daughter,435.7142857142857,1950,0.799
958,Oceania,son,435.7142857142857,1950,0.825
959,South America,all,364.0,1950,0.345
960,South America,daughter,364.0,1950,0.328
961,South America,son,364.0,1950,0.355
962,Developing economies,all,434.7155172413793,1950,0.481
963,Developing economies,daughter,431.55652173913046,1950,0.48
964,Developing economies,son,431.55652173913046,1950,0.485
965,High-income economies,all,405.86842105263156,1950,0.627
966,High-income economies,daughter,405.86842105263156,1950,0.616
967,High-income economies,son,405.86842105263156,1950,0.637
968,Afghanistan,all,4.0,1960,
969,Afghanistan,daughter,4.0,1960,
970,Afghanistan,son,4.0,1960,
971,Albania,all,8.0,1960,0.622
972,Albania,daughter,8.0,1960,0.597
973,Albania,son,8.0,1960,0.66
974,Angola,all,24.0,1960,
975,Angola,daughter,24.0,1960,
976,Angola,son,24.0,1960,
977,Argentina,all,32.0,1960,0.541
978,Argentina,daughter,32.0,1960,0.543
979,Argentina,son,32.0,1960,0.537
980,Armenia,all,51.0,1960,0.651
981,Armenia,all,51.0,1960,0.651
982,Armenia,daughter,51.0,1960,0.71
983,Armenia,daughter,51.0,1960,0.71
984,Armenia,son,51.0,1960,0.539
985,Armenia,son,51.0,1960,0.539
986,Australia,all,36.0,1960,0.802
987,Australia,daughter,36.0,1960,0.828
988,Australia,son,36.0,1960,0.762
989,Austria,all,40.0,1960,0.563
990,Austria,daughter,40.0,1960,0.576
991,Austria,son,40.0,1960,0.549
992,Azerbaijan,all,31.0,1960,0.868
993,Azerbaijan,all,31.0,1960,0.868
994,Azerbaijan,daughter,31.0,1960,0.85
995,Azerbaijan,daughter,31.0,1960,0.85
996,Azerbaijan,son,31.0,1960,0.918
997,Azerbaijan,son,31.0,1960,0.918
998,Bangladesh,all,50.0,1960,
999,Bangladesh,daughter,50.0,1960,
1000,Bangladesh,son,50.0,1960,
1001,Belarus,all,112.0,1960,0.807
1002,Belarus,daughter,112.0,1960,0.836
1003,Belarus,son,112.0,1960,0.761
1004,Belgium,all,56.0,1960,0.678
1005,Belgium,daughter,56.0,1960,0.658
1006,Belgium,son,56.0,1960,0.697
1007,Benin,all,204.0,1960,0.227
1008,Benin,daughter,204.0,1960,0.273
1009,Benin,son,204.0,1960,0.223
1010,Bhutan,all,64.0,1960,0.098
1011,Bhutan,daughter,64.0,1960,0.146
1012,Bhutan,son,64.0,1960,0.094
1013,Bolivia,all,68.0,1960,0.318
1014,Bolivia,daughter,68.0,1960,0.251
1015,Bolivia,son,68.0,1960,0.392
1016,Bosnia and Herzegovina,all,70.0,1960,0.625
1017,Bosnia and Herzegovina,daughter,70.0,1960,0.534
1018,Bosnia and Herzegovina,son,70.0,1960,0.734
1019,Botswana,all,72.0,1960,
1020,Botswana,daughter,72.0,1960,
1021,Botswana,son,72.0,1960,
1022,Brazil,all,76.0,1960,0.446
1023,Brazil,daughter,76.0,1960,0.464
1024,Brazil,son,76.0,1960,0.425
1025,Bulgaria,all,100.0,1960,0.561
1026,Bulgaria,daughter,100.0,1960,0.485
1027,Bulgaria,son,100.0,1960,0.632
1028,Burkina Faso,all,854.0,1960,
1029,Burkina Faso,daughter,854.0,1960,
1030,Burkina Faso,son,854.0,1960,
1031,Cabo Verde,all,132.0,1960,
1032,Cabo Verde,daughter,132.0,1960,
1033,Cabo Verde,son,132.0,1960,
1034,Cambodia,all,116.0,1960,
1035,Cambodia,daughter,116.0,1960,
1036,Cambodia,son,116.0,1960,
1037,Cameroon,all,120.0,1960,
1038,Cameroon,daughter,120.0,1960,
1039,Cameroon,son,120.0,1960,
1040,Canada,all,124.0,1960,0.809
1041,Canada,daughter,124.0,1960,0.782
1042,Canada,son,124.0,1960,0.837
1043,Central African Republic,all,140.0,1960,
1044,Central African Republic,daughter,140.0,1960,
1045,Central African Republic,son,140.0,1960,
1046,Chad,all,148.0,1960,
1047,Chad,daughter,148.0,1960,
1048,Chad,son,148.0,1960,
1049,Chile,all,152.0,1960,0.55
1050,Chile,daughter,152.0,1960,0.568
1051,Chile,son,152.0,1960,0.531
1052,China,all,156.0,1960,0.63
1053,China,daughter,156.0,1960,0.558
1054,China,son,156.0,1960,0.71
1055,Colombia,all,170.0,1960,0.288
1056,Colombia,daughter,170.0,1960,0.31
1057,Colombia,son,170.0,1960,0.264
1058,Comoros,all,174.0,1960,0.491
1059,Comoros,daughter,174.0,1960,0.53
1060,Comoros,son,174.0,1960,0.21
1061,"Congo, Dem. Rep.",all,180.0,1960,0.514
1062,"Congo, Dem. Rep.",daughter,180.0,1960,0.541
1063,"Congo, Dem. Rep.",son,180.0,1960,0.578
1064,"Congo, Rep.",all,178.0,1960,
1065,"Congo, Rep.",daughter,178.0,1960,
1066,"Congo, Rep.",son,178.0,1960,
1067,Costa Rica,all,188.0,1960,0.651
1068,Costa Rica,daughter,188.0,1960,0.629
1069,Costa Rica,son,188.0,1960,0.678
1070,Cote d'Ivoire,all,384.0,1960,
1071,Cote d'Ivoire,daughter,384.0,1960,
1072,Cote d'Ivoire,son,384.0,1960,
1073,Croatia,all,191.0,1960,0.564
1074,Croatia,daughter,191.0,1960,0.572
1075,Croatia,son,191.0,1960,0.554
1076,Cyprus,all,196.0,1960,0.667
1077,Cyprus,all,196.0,1960,0.667
1078,Cyprus,daughter,196.0,1960,0.61
1079,Cyprus,daughter,196.0,1960,0.61
1080,Cyprus,son,196.0,1960,0.735
1081,Cyprus,son,196.0,1960,0.735
1082,Czech Republic,all,203.0,1960,0.656
1083,Czech Republic,daughter,203.0,1960,0.644
1084,Czech Republic,son,203.0,1960,0.664
1085,Denmark,all,208.0,1960,0.671
1086,Denmark,daughter,208.0,1960,0.635
1087,Denmark,son,208.0,1960,0.715
1088,Djibouti,all,262.0,1960,
1089,Djibouti,daughter,262.0,1960,
1090,Djibouti,son,262.0,1960,
1091,Dominican Republic,all,214.0,1960,0.459
1092,Dominican Republic,daughter,214.0,1960,0.462
1093,Dominican Republic,son,214.0,1960,0.458
1094,Ecuador,all,218.0,1960,0.318
1095,Ecuador,daughter,218.0,1960,0.305
1096,Ecuador,son,218.0,1960,0.334
1097,"Egypt, Arab Rep.",all,818.0,1960,0.298
1098,"Egypt, Arab Rep.",daughter,818.0,1960,0.212
1099,"Egypt, Arab Rep.",son,818.0,1960,0.399
1100,El Salvador,all,222.0,1960,0.424
1101,El Salvador,daughter,222.0,1960,0.505
1102,El Salvador,son,222.0,1960,0.368
1103,Estonia,all,233.0,1960,0.712
1104,Estonia,daughter,233.0,1960,0.723
1105,Estonia,son,233.0,1960,0.711
1106,Ethiopia,all,231.0,1960,0.227
1107,Ethiopia,daughter,231.0,1960,0.209
1108,Ethiopia,son,231.0,1960,0.257
1109,Fiji,all,242.0,1960,
1110,Fiji,daughter,242.0,1960,
1111,Fiji,son,242.0,1960,
1112,Finland,all,246.0,1960,0.759
1113,Finland,daughter,246.0,1960,0.788
1114,Finland,son,246.0,1960,0.73
1115,France,all,250.0,1960,0.688
1116,France,daughter,250.0,1960,0.666
1117,France,son,250.0,1960,0.724
1118,Gabon,all,266.0,1960,
1119,Gabon,daughter,266.0,1960,
1120,Gabon,son,266.0,1960,
1121,Georgia,all,268.0,1960,0.634
1122,Georgia,all,268.0,1960,0.634
1123,Georgia,daughter,268.0,1960,0.586
1124,Georgia,daughter,268.0,1960,0.586
1125,Georgia,son,268.0,1960,0.703
1126,Georgia,son,268.0,1960,0.703
1127,Germany,all,276.0,1960,0.581
1128,Germany,daughter,276.0,1960,0.65
1129,Germany,son,276.0,1960,0.51
1130,Ghana,all,288.0,1960,0.496
1131,Ghana,daughter,288.0,1960,0.455
1132,Ghana,son,288.0,1960,0.547
1133,Greece,all,300.0,1960,0.603
1134,Greece,daughter,300.0,1960,0.615
1135,Greece,son,300.0,1960,0.593
1136,Guatemala,all,320.0,1960,0.057
1137,Guatemala,daughter,320.0,1960,0.099
1138,Guatemala,son,320.0,1960,0.011
1139,Guinea,all,324.0,1960,0.501
1140,Guinea,daughter,324.0,1960,0.543
1141,Guinea,son,324.0,1960,0.474
1142,Guinea-Bissau,all,624.0,1960,
1143,Guinea-Bissau,daughter,624.0,1960,
1144,Guinea-Bissau,son,624.0,1960,
1145,Honduras,all,340.0,1960,0.436
1146,Honduras,daughter,340.0,1960,0.452
1147,Honduras,son,340.0,1960,0.423
1148,Hungary,all,348.0,1960,0.573
1149,Hungary,daughter,348.0,1960,0.533
1150,Hungary,son,348.0,1960,0.627
1151,Iceland,all,352.0,1960,0.613
1152,Iceland,daughter,352.0,1960,0.615
1153,Iceland,son,352.0,1960,0.59
1154,India,all,356.0,1960,0.205
1155,India,daughter,356.0,1960,0.189
1156,India,son,356.0,1960,0.225
1157,Indonesia,all,360.0,1960,0.349
1158,Indonesia,daughter,360.0,1960,0.322
1159,Indonesia,son,360.0,1960,0.392
1160,"Iran, Islamic Rep.",all,364.0,1960,
1161,"Iran, Islamic Rep.",daughter,364.0,1960,
1162,"Iran, Islamic Rep.",son,364.0,1960,
1163,Iraq,all,368.0,1960,0.362
1164,Iraq,daughter,368.0,1960,0.224
1165,Iraq,son,368.0,1960,0.525
1166,Ireland,all,372.0,1960,0.689
1167,Ireland,daughter,372.0,1960,0.672
1168,Ireland,son,372.0,1960,0.703
1169,Israel,all,376.0,1960,0.721
1170,Israel,daughter,376.0,1960,0.7
1171,Israel,son,376.0,1960,0.743
1172,Italy,all,380.0,1960,0.529
1173,Italy,daughter,380.0,1960,0.519
1174,Italy,son,380.0,1960,0.548
1175,Japan,all,392.0,1960,0.661
1176,Japan,daughter,392.0,1960,0.679
1177,Japan,son,392.0,1960,0.639
1178,Jordan,all,400.0,1960,0.66
1179,Jordan,daughter,400.0,1960,0.633
1180,Jordan,son,400.0,1960,0.666
1181,Kazakhstan,all,398.0,1960,0.805
1182,Kazakhstan,all,398.0,1960,0.805
1183,Kazakhstan,daughter,398.0,1960,0.826
1184,Kazakhstan,daughter,398.0,1960,0.826
1185,Kazakhstan,son,398.0,1960,0.746
1186,Kazakhstan,son,398.0,1960,0.746
1187,Kenya,all,404.0,1960,0.802
1188,Kenya,daughter,404.0,1960,0.672
1189,Kenya,son,404.0,1960,0.919
1190,Kiribati,all,296.0,1960,
1191,Kiribati,daughter,296.0,1960,
1192,Kiribati,son,296.0,1960,
1193,"Korea, Rep.",all,410.0,1960,0.73
1194,"Korea, Rep.",daughter,410.0,1960,0.712
1195,"Korea, Rep.",son,410.0,1960,0.745
1196,Kyrgyz Republic,all,417.0,1960,0.799
1197,Kyrgyz Republic,daughter,417.0,1960,0.776
1198,Kyrgyz Republic,son,417.0,1960,0.827
1199,Lao PDR,all,418.0,1960,0.344
1200,Lao PDR,daughter,418.0,1960,0.453
1201,Lao PDR,son,418.0,1960,0.126
1202,Latvia,all,428.0,1960,0.751
1203,Latvia,daughter,428.0,1960,0.728
1204,Latvia,son,428.0,1960,0.777
1205,Lebanon,all,422.0,1960,
1206,Lebanon,daughter,422.0,1960,
1207,Lebanon,son,422.0,1960,
1208,Lesotho,all,426.0,1960,
1209,Lesotho,daughter,426.0,1960,
1210,Lesotho,son,426.0,1960,
1211,Liberia,all,430.0,1960,0.584
1212,Liberia,daughter,430.0,1960,0.485
1213,Liberia,son,430.0,1960,0.678
1214,Lithuania,all,440.0,1960,0.868
1215,Lithuania,daughter,440.0,1960,0.833
1216,Lithuania,son,440.0,1960,0.906
1217,"Macedonia, FYR",all,807.0,1960,0.375
1218,"Macedonia, FYR",daughter,807.0,1960,0.267
1219,"Macedonia, FYR",son,807.0,1960,0.463
1220,Madagascar,all,450.0,1960,0.35
1221,Madagascar,daughter,450.0,1960,0.328
1222,Madagascar,son,450.0,1960,0.36
1223,Malawi,all,454.0,1960,0.526
1224,Malawi,daughter,454.0,1960,0.572
1225,Malawi,son,454.0,1960,0.513
1226,Malaysia,all,458.0,1960,0.595
1227,Malaysia,daughter,458.0,1960,0.737
1228,Malaysia,son,458.0,1960,0.53
1229,Maldives,all,462.0,1960,
1230,Maldives,daughter,462.0,1960,
1231,Maldives,son,462.0,1960,
1232,Mali,all,466.0,1960,0.316
1233,Mali,daughter,466.0,1960,0.388
1234,Mali,son,466.0,1960,0.269
1235,Mauritania,all,478.0,1960,0.58
1236,Mauritania,daughter,478.0,1960,0.73
1237,Mauritania,son,478.0,1960,0.388
1238,Mauritius,all,480.0,1960,
1239,Mauritius,daughter,480.0,1960,
1240,Mauritius,son,480.0,1960,
1241,Mexico,all,484.0,1960,0.415
1242,Mexico,daughter,484.0,1960,0.399
1243,Mexico,son,484.0,1960,0.431
1244,Moldova,all,498.0,1960,0.797
1245,Moldova,daughter,498.0,1960,0.817
1246,Moldova,son,498.0,1960,0.777
1247,Mongolia,all,496.0,1960,0.816
1248,Mongolia,daughter,496.0,1960,0.817
1249,Mongolia,son,496.0,1960,0.81
1250,Montenegro,all,499.0,1960,0.574
1251,Montenegro,daughter,499.0,1960,0.514
1252,Montenegro,son,499.0,1960,0.642
1253,Morocco,all,504.0,1960,0.319
1254,Morocco,daughter,504.0,1960,0.252
1255,Morocco,son,504.0,1960,0.401
1256,Mozambique,all,508.0,1960,
1257,Mozambique,daughter,508.0,1960,
1258,Mozambique,son,508.0,1960,
1259,Namibia,all,516.0,1960,
1260,Namibia,daughter,516.0,1960,
1261,Namibia,son,516.0,1960,
1262,Nepal,all,524.0,1960,0.201
1263,Nepal,daughter,524.0,1960,0.331
1264,Nepal,son,524.0,1960,0.037
1265,Netherlands,all,528.0,1960,0.751
1266,Netherlands,daughter,528.0,1960,0.734
1267,Netherlands,son,528.0,1960,0.764
1268,New Zealand,all,554.0,1960,0.809
1269,New Zealand,daughter,554.0,1960,0.8
1270,New Zealand,son,554.0,1960,0.827
1271,Nicaragua,all,558.0,1960,0.474
1272,Nicaragua,daughter,558.0,1960,0.471
1273,Nicaragua,son,558.0,1960,0.476
1274,Niger,all,562.0,1960,0.373
1275,Niger,daughter,562.0,1960,0.247
1276,Niger,son,562.0,1960,0.584
1277,Nigeria,all,566.0,1960,0.672
1278,Nigeria,daughter,566.0,1960,0.604
1279,Nigeria,son,566.0,1960,0.783
1280,Norway,all,578.0,1960,0.579
1281,Norway,daughter,578.0,1960,0.531
1282,Norway,son,578.0,1960,0.612
1283,Pakistan,all,586.0,1960,0.235
1284,Pakistan,daughter,586.0,1960,0.274
1285,Pakistan,son,586.0,1960,0.205
1286,Panama,all,591.0,1960,0.407
1287,Panama,daughter,591.0,1960,0.36
1288,Panama,son,591.0,1960,0.441
1289,Papua New Guinea,all,598.0,1960,
1290,Papua New Guinea,daughter,598.0,1960,
1291,Papua New Guinea,son,598.0,1960,
1292,Paraguay,all,600.0,1960,0.399
1293,Paraguay,daughter,600.0,1960,0.393
1294,Paraguay,son,600.0,1960,0.414
1295,Peru,all,604.0,1960,0.375
1296,Peru,daughter,604.0,1960,0.333
1297,Peru,son,604.0,1960,0.387
1298,Philippines,all,608.0,1960,0.777
1299,Philippines,daughter,608.0,1960,0.778
1300,Philippines,son,608.0,1960,0.775
1301,Poland,all,616.0,1960,0.588
1302,Poland,daughter,616.0,1960,0.631
1303,Poland,son,616.0,1960,0.53
1304,Portugal,all,620.0,1960,0.355
1305,Portugal,daughter,620.0,1960,0.388
1306,Portugal,son,620.0,1960,0.31
1307,Romania,all,642.0,1960,0.515
1308,Romania,daughter,642.0,1960,0.481
1309,Romania,son,642.0,1960,0.561
1310,Russian Federation,all,643.0,1960,0.84
1311,Russian Federation,all,643.0,1960,0.84
1312,Russian Federation,daughter,643.0,1960,0.814
1313,Russian Federation,daughter,643.0,1960,0.814
1314,Russian Federation,son,643.0,1960,0.866
1315,Russian Federation,son,643.0,1960,0.866
1316,Rwanda,all,646.0,1960,0.329
1317,Rwanda,daughter,646.0,1960,0.328
1318,Rwanda,son,646.0,1960,0.336
1319,Sao Tome and Principe,all,678.0,1960,
1320,Sao Tome and Principe,daughter,678.0,1960,
1321,Sao Tome and Principe,son,678.0,1960,
1322,Senegal,all,686.0,1960,0.524
1323,Senegal,daughter,686.0,1960,0.564
1324,Senegal,son,686.0,1960,0.499
1325,Serbia,all,688.0,1960,0.588
1326,Serbia,daughter,688.0,1960,0.589
1327,Serbia,son,688.0,1960,0.587
1328,Sierra Leone,all,694.0,1960,
1329,Sierra Leone,daughter,694.0,1960,
1330,Sierra Leone,son,694.0,1960,
1331,Slovak Republic,all,703.0,1960,0.717
1332,Slovak Republic,daughter,703.0,1960,0.717
1333,Slovak Republic,son,703.0,1960,0.717
1334,Slovenia,all,705.0,1960,0.553
1335,Slovenia,daughter,705.0,1960,0.487
1336,Slovenia,son,705.0,1960,0.612
1337,South Africa,all,710.0,1960,0.468
1338,South Africa,daughter,710.0,1960,0.382
1339,South Africa,son,710.0,1960,0.565
1340,South Sudan,all,728.0,1960,
1341,South Sudan,daughter,728.0,1960,
1342,South Sudan,son,728.0,1960,
1343,Spain,all,724.0,1960,0.552
1344,Spain,daughter,724.0,1960,0.546
1345,Spain,son,724.0,1960,0.554
1346,Sri Lanka,all,144.0,1960,0.652
1347,Sri Lanka,daughter,144.0,1960,0.69
1348,Sri Lanka,son,144.0,1960,0.589
1349,Sudan,all,736.0,1960,
1350,Sudan,daughter,736.0,1960,
1351,Sudan,son,736.0,1960,
1352,Swaziland,all,748.0,1960,
1353,Swaziland,daughter,748.0,1960,
1354,Swaziland,son,748.0,1960,
1355,Sweden,all,752.0,1960,0.747
1356,Sweden,daughter,752.0,1960,0.77
1357,Sweden,son,752.0,1960,0.721
1358,Switzerland,all,756.0,1960,0.731
1359,Switzerland,daughter,756.0,1960,0.712
1360,Switzerland,son,756.0,1960,0.744
1361,"Taiwan, China",all,158.0,1960,0.652
1362,"Taiwan, China",daughter,158.0,1960,0.617
1363,"Taiwan, China",son,158.0,1960,0.683
1364,Tajikistan,all,762.0,1960,0.825
1365,Tajikistan,daughter,762.0,1960,0.761
1366,Tajikistan,son,762.0,1960,0.926
1367,Tanzania,all,834.0,1960,0.589
1368,Tanzania,daughter,834.0,1960,0.561
1369,Tanzania,son,834.0,1960,0.613
1370,Thailand,all,764.0,1960,
1371,Thailand,daughter,764.0,1960,
1372,Thailand,son,764.0,1960,
1373,Timor-Leste,all,626.0,1960,0.086
1374,Timor-Leste,daughter,626.0,1960,0.108
1375,Timor-Leste,son,626.0,1960,0.063
1376,Togo,all,768.0,1960,0.264
1377,Togo,daughter,768.0,1960,0.186
1378,Togo,son,768.0,1960,0.381
1379,Tonga,all,776.0,1960,
1380,Tonga,daughter,776.0,1960,
1381,Tonga,son,776.0,1960,
1382,Tunisia,all,788.0,1960,0.293
1383,Tunisia,daughter,788.0,1960,0.219
1384,Tunisia,son,788.0,1960,0.39
1385,Turkey,all,792.0,1960,0.396
1386,Turkey,all,792.0,1960,0.396
1387,Turkey,daughter,792.0,1960,0.399
1388,Turkey,daughter,792.0,1960,0.399
1389,Turkey,son,792.0,1960,0.415
1390,Turkey,son,792.0,1960,0.415
1391,Tuvalu,all,798.0,1960,
1392,Uganda,all,800.0,1960,0.513
1393,Uganda,daughter,800.0,1960,0.435
1394,Uganda,son,800.0,1960,0.611
1395,Ukraine,all,804.0,1960,0.829
1396,Ukraine,daughter,804.0,1960,0.851
1397,Ukraine,son,804.0,1960,0.797
1398,United Kingdom,all,826.0,1960,0.703
1399,United Kingdom,daughter,826.0,1960,0.679
1400,United Kingdom,son,826.0,1960,0.727
1401,United States,all,840.0,1960,0.592
1402,United States,daughter,840.0,1960,0.596
1403,United States,son,840.0,1960,0.583
1404,Uruguay,all,858.0,1960,0.57
1405,Uruguay,daughter,858.0,1960,0.573
1406,Uruguay,son,858.0,1960,0.564
1407,Uzbekistan,all,860.0,1960,0.891
1408,Uzbekistan,daughter,860.0,1960,0.891
1409,Uzbekistan,son,860.0,1960,0.892
1410,Vanuatu,all,548.0,1960,
1411,Vanuatu,daughter,548.0,1960,
1412,Vanuatu,son,548.0,1960,
1413,"Venezuela, RB",all,862.0,1960,0.629
1414,"Venezuela, RB",daughter,862.0,1960,0.635
1415,"Venezuela, RB",son,862.0,1960,0.625
1416,Vietnam,all,704.0,1960,0.576
1417,Vietnam,daughter,704.0,1960,0.638
1418,Vietnam,son,704.0,1960,0.535
1419,West Bank and Gaza,all,275.0,1960,
1420,West Bank and Gaza,daughter,275.0,1960,
1421,West Bank and Gaza,son,275.0,1960,
1422,"Yemen, Rep.",all,887.0,1960,
1423,"Yemen, Rep.",daughter,887.0,1960,
1424,"Yemen, Rep.",son,887.0,1960,
1425,Zambia,all,894.0,1960,
1426,Zambia,daughter,894.0,1960,
1427,Zambia,son,894.0,1960,
1428,Africa,all,475.0444444444444,1960,0.446
1429,Africa,daughter,475.0444444444444,1960,0.422
1430,Africa,son,475.0444444444444,1960,0.477
1431,Asia,all,404.36842105263156,1960,0.577
1432,Asia,daughter,404.36842105263156,1960,0.58
1433,Asia,son,404.36842105263156,1960,0.574
1434,Europe,all,412.51162790697674,1960,0.649
1435,Europe,daughter,412.51162790697674,1960,0.637
1436,Europe,son,412.51162790697674,1960,0.661
1437,North America,all,388.1,1960,0.472
1438,North America,daughter,388.1,1960,0.476
1439,North America,son,388.1,1960,0.471
1440,Oceania,all,481.0,1960,0.805
1441,Oceania,daughter,435.7142857142857,1960,0.814
1442,Oceania,son,435.7142857142857,1960,0.795
1443,South America,all,364.0,1960,0.443
1444,South America,daughter,364.0,1960,0.438
1445,South America,son,364.0,1960,0.447
1446,Developing economies,all,434.7155172413793,1960,0.515
1447,Developing economies,daughter,431.55652173913046,1960,0.506
1448,Developing economies,son,431.55652173913046,1960,0.526
1449,High-income economies,all,405.86842105263156,1960,0.658
1450,High-income economies,daughter,405.86842105263156,1960,0.65
1451,High-income economies,son,405.86842105263156,1960,0.665
1452,Afghanistan,all,4.0,1970,
1453,Afghanistan,daughter,4.0,1970,
1454,Afghanistan,son,4.0,1970,
1455,Albania,all,8.0,1970,0.55
1456,Albania,daughter,8.0,1970,0.521
1457,Albania,son,8.0,1970,0.559
1458,Angola,all,24.0,1970,
1459,Angola,daughter,24.0,1970,
1460,Angola,son,24.0,1970,
1461,Argentina,all,32.0,1970,0.576
1462,Argentina,daughter,32.0,1970,0.601
1463,Argentina,son,32.0,1970,0.546
1464,Armenia,all,51.0,1970,0.628
1465,Armenia,all,51.0,1970,0.628
1466,Armenia,daughter,51.0,1970,0.62
1467,Armenia,daughter,51.0,1970,0.62
1468,Armenia,son,51.0,1970,0.641
1469,Armenia,son,51.0,1970,0.641
1470,Australia,all,36.0,1970,0.819
1471,Australia,daughter,36.0,1970,0.765
1472,Australia,son,36.0,1970,0.87
1473,Austria,all,40.0,1970,0.708
1474,Austria,daughter,40.0,1970,0.672
1475,Austria,son,40.0,1970,0.752
1476,Azerbaijan,all,31.0,1970,0.791
1477,Azerbaijan,all,31.0,1970,0.791
1478,Azerbaijan,daughter,31.0,1970,0.795
1479,Azerbaijan,daughter,31.0,1970,0.795
1480,Azerbaijan,son,31.0,1970,0.797
1481,Azerbaijan,son,31.0,1970,0.797
1482,Bangladesh,all,50.0,1970,
1483,Bangladesh,daughter,50.0,1970,
1484,Bangladesh,son,50.0,1970,
1485,Belarus,all,112.0,1970,0.755
1486,Belarus,daughter,112.0,1970,0.818
1487,Belarus,son,112.0,1970,0.668
1488,Belgium,all,56.0,1970,0.657
1489,Belgium,daughter,56.0,1970,0.718
1490,Belgium,son,56.0,1970,0.593
1491,Benin,all,204.0,1970,0.277
1492,Benin,daughter,204.0,1970,0.323
1493,Benin,son,204.0,1970,0.288
1494,Bhutan,all,64.0,1970,0.117
1495,Bhutan,daughter,64.0,1970,0.162
1496,Bhutan,son,64.0,1970,0.08
1497,Bolivia,all,68.0,1970,0.372
1498,Bolivia,daughter,68.0,1970,0.285
1499,Bolivia,son,68.0,1970,0.473
1500,Bosnia and Herzegovina,all,70.0,1970,0.552
1501,Bosnia and Herzegovina,daughter,70.0,1970,0.506
1502,Bosnia and Herzegovina,son,70.0,1970,0.589
1503,Botswana,all,72.0,1970,
1504,Botswana,daughter,72.0,1970,
1505,Botswana,son,72.0,1970,
1506,Brazil,all,76.0,1970,0.515
1507,Brazil,daughter,76.0,1970,0.536
1508,Brazil,son,76.0,1970,0.49
1509,Bulgaria,all,100.0,1970,0.459
1510,Bulgaria,daughter,100.0,1970,0.389
1511,Bulgaria,son,100.0,1970,0.535
1512,Burkina Faso,all,854.0,1970,
1513,Burkina Faso,daughter,854.0,1970,
1514,Burkina Faso,son,854.0,1970,
1515,Cabo Verde,all,132.0,1970,
1516,Cabo Verde,daughter,132.0,1970,
1517,Cabo Verde,son,132.0,1970,
1518,Cambodia,all,116.0,1970,
1519,Cambodia,daughter,116.0,1970,
1520,Cambodia,son,116.0,1970,
1521,Cameroon,all,120.0,1970,
1522,Cameroon,daughter,120.0,1970,
1523,Cameroon,son,120.0,1970,
1524,Canada,all,124.0,1970,0.79
1525,Canada,daughter,124.0,1970,0.78
1526,Canada,son,124.0,1970,0.795
1527,Central African Republic,all,140.0,1970,
1528,Central African Republic,daughter,140.0,1970,
1529,Central African Republic,son,140.0,1970,
1530,Chad,all,148.0,1970,
1531,Chad,daughter,148.0,1970,
1532,Chad,son,148.0,1970,
1533,Chile,all,152.0,1970,0.584
1534,Chile,daughter,152.0,1970,0.599
1535,Chile,son,152.0,1970,0.569
1536,China,all,156.0,1970,0.515
1537,China,daughter,156.0,1970,0.463
1538,China,son,156.0,1970,0.57
1539,Colombia,all,170.0,1970,0.398
1540,Colombia,daughter,170.0,1970,0.413
1541,Colombia,son,170.0,1970,0.375
1542,Comoros,all,174.0,1970,0.65
1543,Comoros,daughter,174.0,1970,0.84
1544,Comoros,son,174.0,1970,0.359
1545,"Congo, Dem. Rep.",all,180.0,1970,0.552
1546,"Congo, Dem. Rep.",daughter,180.0,1970,0.522
1547,"Congo, Dem. Rep.",son,180.0,1970,0.604
1548,"Congo, Rep.",all,178.0,1970,
1549,"Congo, Rep.",daughter,178.0,1970,
1550,"Congo, Rep.",son,178.0,1970,
1551,Costa Rica,all,188.0,1970,0.622
1552,Costa Rica,daughter,188.0,1970,0.638
1553,Costa Rica,son,188.0,1970,0.612
1554,Cote d'Ivoire,all,384.0,1970,
1555,Cote d'Ivoire,daughter,384.0,1970,
1556,Cote d'Ivoire,son,384.0,1970,
1557,Croatia,all,191.0,1970,0.482
1558,Croatia,daughter,191.0,1970,0.486
1559,Croatia,son,191.0,1970,0.48
1560,Cyprus,all,196.0,1970,0.654
1561,Cyprus,all,196.0,1970,0.654
1562,Cyprus,daughter,196.0,1970,0.722
1563,Cyprus,daughter,196.0,1970,0.722
1564,Cyprus,son,196.0,1970,0.578
1565,Cyprus,son,196.0,1970,0.578
1566,Czech Republic,all,203.0,1970,0.535
1567,Czech Republic,daughter,203.0,1970,0.496
1568,Czech Republic,son,203.0,1970,0.576
1569,Denmark,all,208.0,1970,0.583
1570,Denmark,daughter,208.0,1970,0.566
1571,Denmark,son,208.0,1970,0.602
1572,Djibouti,all,262.0,1970,
1573,Djibouti,daughter,262.0,1970,
1574,Djibouti,son,262.0,1970,
1575,Dominican Republic,all,214.0,1970,0.607
1576,Dominican Republic,daughter,214.0,1970,0.566
1577,Dominican Republic,son,214.0,1970,0.642
1578,Ecuador,all,218.0,1970,0.424
1579,Ecuador,daughter,218.0,1970,0.409
1580,Ecuador,son,218.0,1970,0.438
1581,"Egypt, Arab Rep.",all,818.0,1970,0.502
1582,"Egypt, Arab Rep.",daughter,818.0,1970,0.413
1583,"Egypt, Arab Rep.",son,818.0,1970,0.579
1584,El Salvador,all,222.0,1970,0.528
1585,El Salvador,daughter,222.0,1970,0.478
1586,El Salvador,son,222.0,1970,0.58
1587,Estonia,all,233.0,1970,0.697
1588,Estonia,daughter,233.0,1970,0.775
1589,Estonia,son,233.0,1970,0.594
1590,Ethiopia,all,231.0,1970,0.235
1591,Ethiopia,daughter,231.0,1970,0.198
1592,Ethiopia,son,231.0,1970,0.303
1593,Fiji,all,242.0,1970,
1594,Fiji,daughter,242.0,1970,
1595,Fiji,son,242.0,1970,
1596,Finland,all,246.0,1970,0.723
1597,Finland,daughter,246.0,1970,0.74
1598,Finland,son,246.0,1970,0.693
1599,France,all,250.0,1970,0.683
1600,France,daughter,250.0,1970,0.729
1601,France,son,250.0,1970,0.625
1602,Gabon,all,266.0,1970,
1603,Gabon,daughter,266.0,1970,
1604,Gabon,son,266.0,1970,
1605,Georgia,all,268.0,1970,0.474
1606,Georgia,all,268.0,1970,0.474
1607,Georgia,daughter,268.0,1970,0.624
1608,Georgia,daughter,268.0,1970,0.624
1609,Georgia,son,268.0,1970,0.364
1610,Georgia,son,268.0,1970,0.364
1611,Germany,all,276.0,1970,0.653
1612,Germany,daughter,276.0,1970,0.639
1613,Germany,son,276.0,1970,0.664
1614,Ghana,all,288.0,1970,0.504
1615,Ghana,daughter,288.0,1970,0.461
1616,Ghana,son,288.0,1970,0.569
1617,Greece,all,300.0,1970,0.583
1618,Greece,daughter,300.0,1970,0.637
1619,Greece,son,300.0,1970,0.537
1620,Guatemala,all,320.0,1970,0.161
1621,Guatemala,daughter,320.0,1970,0.078
1622,Guatemala,son,320.0,1970,0.246
1623,Guinea,all,324.0,1970,0.482
1624,Guinea,daughter,324.0,1970,0.537
1625,Guinea,son,324.0,1970,0.444
1626,Guinea-Bissau,all,624.0,1970,
1627,Guinea-Bissau,daughter,624.0,1970,
1628,Guinea-Bissau,son,624.0,1970,
1629,Honduras,all,340.0,1970,0.391
1630,Honduras,daughter,340.0,1970,0.488
1631,Honduras,son,340.0,1970,0.3
1632,Hungary,all,348.0,1970,0.443
1633,Hungary,daughter,348.0,1970,0.412
1634,Hungary,son,348.0,1970,0.47
1635,Iceland,all,352.0,1970,0.684
1636,Iceland,daughter,352.0,1970,0.626
1637,Iceland,son,352.0,1970,0.701
1638,India,all,356.0,1970,0.296
1639,India,daughter,356.0,1970,0.25
1640,India,son,356.0,1970,0.358
1641,Indonesia,all,360.0,1970,0.5
1642,Indonesia,daughter,360.0,1970,0.464
1643,Indonesia,son,360.0,1970,0.537
1644,"Iran, Islamic Rep.",all,364.0,1970,
1645,"Iran, Islamic Rep.",daughter,364.0,1970,
1646,"Iran, Islamic Rep.",son,364.0,1970,
1647,Iraq,all,368.0,1970,0.457
1648,Iraq,daughter,368.0,1970,0.424
1649,Iraq,son,368.0,1970,0.498
1650,Ireland,all,372.0,1970,0.684
1651,Ireland,daughter,372.0,1970,0.692
1652,Ireland,son,372.0,1970,0.677
1653,Israel,all,376.0,1970,0.729
1654,Israel,daughter,376.0,1970,0.699
1655,Israel,son,376.0,1970,0.763
1656,Italy,all,380.0,1970,0.614
1657,Italy,daughter,380.0,1970,0.59
1658,Italy,son,380.0,1970,0.648
1659,Japan,all,392.0,1970,0.666
1660,Japan,daughter,392.0,1970,0.705
1661,Japan,son,392.0,1970,0.613
1662,Jordan,all,400.0,1970,0.721
1663,Jordan,daughter,400.0,1970,0.716
1664,Jordan,son,400.0,1970,0.725
1665,Kazakhstan,all,398.0,1970,0.698
1666,Kazakhstan,all,398.0,1970,0.698
1667,Kazakhstan,daughter,398.0,1970,0.7
1668,Kazakhstan,daughter,398.0,1970,0.7
1669,Kazakhstan,son,398.0,1970,0.68
1670,Kazakhstan,son,398.0,1970,0.68
1671,Kenya,all,404.0,1970,0.769
1672,Kenya,daughter,404.0,1970,0.737
1673,Kenya,son,404.0,1970,0.784
1674,Kiribati,all,296.0,1970,
1675,Kiribati,daughter,296.0,1970,
1676,Kiribati,son,296.0,1970,
1677,"Korea, Rep.",all,410.0,1970,0.794
1678,"Korea, Rep.",daughter,410.0,1970,0.784
1679,"Korea, Rep.",son,410.0,1970,0.802
1680,Kyrgyz Republic,all,417.0,1970,0.771
1681,Kyrgyz Republic,daughter,417.0,1970,0.68
1682,Kyrgyz Republic,son,417.0,1970,0.861
1683,Lao PDR,all,418.0,1970,0.478
1684,Lao PDR,daughter,418.0,1970,0.409
1685,Lao PDR,son,418.0,1970,0.58
1686,Latvia,all,428.0,1970,0.684
1687,Latvia,daughter,428.0,1970,0.583
1688,Latvia,son,428.0,1970,0.771
1689,Lebanon,all,422.0,1970,
1690,Lebanon,daughter,422.0,1970,
1691,Lebanon,son,422.0,1970,
1692,Lesotho,all,426.0,1970,
1693,Lesotho,daughter,426.0,1970,
1694,Lesotho,son,426.0,1970,
1695,Liberia,all,430.0,1970,0.504
1696,Liberia,daughter,430.0,1970,0.487
1697,Liberia,son,430.0,1970,0.572
1698,Lithuania,all,440.0,1970,0.76
1699,Lithuania,daughter,440.0,1970,0.74
1700,Lithuania,son,440.0,1970,0.781
1701,"Macedonia, FYR",all,807.0,1970,0.364
1702,"Macedonia, FYR",daughter,807.0,1970,0.257
1703,"Macedonia, FYR",son,807.0,1970,0.489
1704,Madagascar,all,450.0,1970,0.484
1705,Madagascar,daughter,450.0,1970,0.49
1706,Madagascar,son,450.0,1970,0.477
1707,Malawi,all,454.0,1970,0.483
1708,Malawi,daughter,454.0,1970,0.46
1709,Malawi,son,454.0,1970,0.505
1710,Malaysia,all,458.0,1970,0.683
1711,Malaysia,daughter,458.0,1970,0.676
1712,Malaysia,son,458.0,1970,0.69
1713,Maldives,all,462.0,1970,
1714,Maldives,daughter,462.0,1970,
1715,Maldives,son,462.0,1970,
1716,Mali,all,466.0,1970,0.422
1717,Mali,daughter,466.0,1970,0.557
1718,Mali,son,466.0,1970,0.343
1719,Mauritania,all,478.0,1970,0.456
1720,Mauritania,daughter,478.0,1970,0.561
1721,Mauritania,son,478.0,1970,0.35
1722,Mauritius,all,480.0,1970,
1723,Mauritius,daughter,480.0,1970,
1724,Mauritius,son,480.0,1970,
1725,Mexico,all,484.0,1970,0.563
1726,Mexico,daughter,484.0,1970,0.526
1727,Mexico,son,484.0,1970,0.604
1728,Moldova,all,498.0,1970,0.786
1729,Moldova,daughter,498.0,1970,0.756
1730,Moldova,son,498.0,1970,0.819
1731,Mongolia,all,496.0,1970,0.843
1732,Mongolia,daughter,496.0,1970,0.789
1733,Mongolia,son,496.0,1970,0.915
1734,Montenegro,all,499.0,1970,0.576
1735,Montenegro,daughter,499.0,1970,0.57
1736,Montenegro,son,499.0,1970,0.587
1737,Morocco,all,504.0,1970,0.361
1738,Morocco,daughter,504.0,1970,0.261
1739,Morocco,son,504.0,1970,0.499
1740,Mozambique,all,508.0,1970,
1741,Mozambique,daughter,508.0,1970,
1742,Mozambique,son,508.0,1970,
1743,Namibia,all,516.0,1970,
1744,Namibia,daughter,516.0,1970,
1745,Namibia,son,516.0,1970,
1746,Nepal,all,524.0,1970,0.278
1747,Nepal,daughter,524.0,1970,0.26
1748,Nepal,son,524.0,1970,0.265
1749,Netherlands,all,528.0,1970,0.676
1750,Netherlands,daughter,528.0,1970,0.725
1751,Netherlands,son,528.0,1970,0.62
1752,New Zealand,all,554.0,1970,0.82
1753,New Zealand,daughter,554.0,1970,0.848
1754,New Zealand,son,554.0,1970,0.808
1755,Nicaragua,all,558.0,1970,0.515
1756,Nicaragua,daughter,558.0,1970,0.548
1757,Nicaragua,son,558.0,1970,0.483
1758,Niger,all,562.0,1970,0.488
1759,Niger,daughter,562.0,1970,0.432
1760,Niger,son,562.0,1970,0.58
1761,Nigeria,all,566.0,1970,0.576
1762,Nigeria,daughter,566.0,1970,0.589
1763,Nigeria,son,566.0,1970,0.612
1764,Norway,all,578.0,1970,0.585
1765,Norway,daughter,578.0,1970,0.577
1766,Norway,son,578.0,1970,0.592
1767,Pakistan,all,586.0,1970,0.268
1768,Pakistan,daughter,586.0,1970,0.251
1769,Pakistan,son,586.0,1970,0.266
1770,Panama,all,591.0,1970,0.452
1771,Panama,daughter,591.0,1970,0.441
1772,Panama,son,591.0,1970,0.459
1773,Papua New Guinea,all,598.0,1970,
1774,Papua New Guinea,daughter,598.0,1970,
1775,Papua New Guinea,son,598.0,1970,
1776,Paraguay,all,600.0,1970,0.459
1777,Paraguay,daughter,600.0,1970,0.486
1778,Paraguay,son,600.0,1970,0.436
1779,Peru,all,604.0,1970,0.508
1780,Peru,daughter,604.0,1970,0.441
1781,Peru,son,604.0,1970,0.526
1782,Philippines,all,608.0,1970,0.687
1783,Philippines,daughter,608.0,1970,0.742
1784,Philippines,son,608.0,1970,0.629
1785,Poland,all,616.0,1970,0.539
1786,Poland,daughter,616.0,1970,0.482
1787,Poland,son,616.0,1970,0.59
1788,Portugal,all,620.0,1970,0.316
1789,Portugal,daughter,620.0,1970,0.34
1790,Portugal,son,620.0,1970,0.302
1791,Romania,all,642.0,1970,0.481
1792,Romania,daughter,642.0,1970,0.475
1793,Romania,son,642.0,1970,0.489
1794,Russian Federation,all,643.0,1970,0.759
1795,Russian Federation,all,643.0,1970,0.759
1796,Russian Federation,daughter,643.0,1970,0.781
1797,Russian Federation,daughter,643.0,1970,0.781
1798,Russian Federation,son,643.0,1970,0.747
1799,Russian Federation,son,643.0,1970,0.747
1800,Rwanda,all,646.0,1970,0.426
1801,Rwanda,daughter,646.0,1970,0.373
1802,Rwanda,son,646.0,1970,0.497
1803,Sao Tome and Principe,all,678.0,1970,
1804,Sao Tome and Principe,daughter,678.0,1970,
1805,Sao Tome and Principe,son,678.0,1970,
1806,Senegal,all,686.0,1970,0.476
1807,Senegal,daughter,686.0,1970,0.461
1808,Senegal,son,686.0,1970,0.475
1809,Serbia,all,688.0,1970,0.546
1810,Serbia,daughter,688.0,1970,0.492
1811,Serbia,son,688.0,1970,0.6
1812,Sierra Leone,all,694.0,1970,
1813,Sierra Leone,daughter,694.0,1970,
1814,Sierra Leone,son,694.0,1970,
1815,Slovak Republic,all,703.0,1970,0.582
1816,Slovak Republic,daughter,703.0,1970,0.615
1817,Slovak Republic,son,703.0,1970,0.534
1818,Slovenia,all,705.0,1970,0.505
1819,Slovenia,daughter,705.0,1970,0.469
1820,Slovenia,son,705.0,1970,0.537
1821,South Africa,all,710.0,1970,0.662
1822,South Africa,daughter,710.0,1970,0.656
1823,South Africa,son,710.0,1970,0.667
1824,South Sudan,all,728.0,1970,
1825,South Sudan,daughter,728.0,1970,
1826,South Sudan,son,728.0,1970,
1827,Spain,all,724.0,1970,0.625
1828,Spain,daughter,724.0,1970,0.647
1829,Spain,son,724.0,1970,0.608
1830,Sri Lanka,all,144.0,1970,0.693
1831,Sri Lanka,daughter,144.0,1970,0.727
1832,Sri Lanka,son,144.0,1970,0.677
1833,Sudan,all,736.0,1970,
1834,Sudan,daughter,736.0,1970,
1835,Sudan,son,736.0,1970,
1836,Swaziland,all,748.0,1970,
1837,Swaziland,daughter,748.0,1970,
1838,Swaziland,son,748.0,1970,
1839,Sweden,all,752.0,1970,0.702
1840,Sweden,daughter,752.0,1970,0.716
1841,Sweden,son,752.0,1970,0.689
1842,Switzerland,all,756.0,1970,0.604
1843,Switzerland,daughter,756.0,1970,0.562
1844,Switzerland,son,756.0,1970,0.65
1845,"Taiwan, China",all,158.0,1970,0.707
1846,"Taiwan, China",daughter,158.0,1970,0.724
1847,"Taiwan, China",son,158.0,1970,0.688
1848,Tajikistan,all,762.0,1970,0.691
1849,Tajikistan,daughter,762.0,1970,0.668
1850,Tajikistan,son,762.0,1970,0.745
1851,Tanzania,all,834.0,1970,0.665
1852,Tanzania,daughter,834.0,1970,0.674
1853,Tanzania,son,834.0,1970,0.668
1854,Thailand,all,764.0,1970,
1855,Thailand,daughter,764.0,1970,
1856,Thailand,son,764.0,1970,
1857,Timor-Leste,all,626.0,1970,0.135
1858,Timor-Leste,daughter,626.0,1970,0.023
1859,Timor-Leste,son,626.0,1970,0.242
1860,Togo,all,768.0,1970,0.421
1861,Togo,daughter,768.0,1970,0.435
1862,Togo,son,768.0,1970,0.346
1863,Tonga,all,776.0,1970,
1864,Tonga,daughter,776.0,1970,
1865,Tonga,son,776.0,1970,
1866,Tunisia,all,788.0,1970,0.451
1867,Tunisia,daughter,788.0,1970,0.42
1868,Tunisia,son,788.0,1970,0.471
1869,Turkey,all,792.0,1970,0.481
1870,Turkey,all,792.0,1970,0.481
1871,Turkey,daughter,792.0,1970,0.49
1872,Turkey,daughter,792.0,1970,0.49
1873,Turkey,son,792.0,1970,0.512
1874,Turkey,son,792.0,1970,0.512
1875,Tuvalu,all,798.0,1970,
1876,Uganda,all,800.0,1970,0.541
1877,Uganda,daughter,800.0,1970,0.491
1878,Uganda,son,800.0,1970,0.576
1879,Ukraine,all,804.0,1970,0.677
1880,Ukraine,daughter,804.0,1970,0.629
1881,Ukraine,son,804.0,1970,0.715
1882,United Kingdom,all,826.0,1970,0.73
1883,United Kingdom,daughter,826.0,1970,0.763
1884,United Kingdom,son,826.0,1970,0.692
1885,United States,all,840.0,1970,0.628
1886,United States,daughter,840.0,1970,0.623
1887,United States,son,840.0,1970,0.631
1888,Uruguay,all,858.0,1970,0.51
1889,Uruguay,daughter,858.0,1970,0.551
1890,Uruguay,son,858.0,1970,0.465
1891,Uzbekistan,all,860.0,1970,0.894
1892,Uzbekistan,daughter,860.0,1970,0.901
1893,Uzbekistan,son,860.0,1970,0.88
1894,Vanuatu,all,548.0,1970,
1895,Vanuatu,daughter,548.0,1970,
1896,Vanuatu,son,548.0,1970,
1897,"Venezuela, RB",all,862.0,1970,0.602
1898,"Venezuela, RB",daughter,862.0,1970,0.619
1899,"Venezuela, RB",son,862.0,1970,0.591
1900,Vietnam,all,704.0,1970,0.416
1901,Vietnam,daughter,704.0,1970,0.415
1902,Vietnam,son,704.0,1970,0.448
1903,West Bank and Gaza,all,275.0,1970,
1904,West Bank and Gaza,daughter,275.0,1970,
1905,West Bank and Gaza,son,275.0,1970,
1906,"Yemen, Rep.",all,887.0,1970,
1907,"Yemen, Rep.",daughter,887.0,1970,
1908,"Yemen, Rep.",son,887.0,1970,
1909,Zambia,all,894.0,1970,
1910,Zambia,daughter,894.0,1970,
1911,Zambia,son,894.0,1970,
1912,Africa,all,475.0444444444444,1970,0.495
1913,Africa,daughter,475.0444444444444,1970,0.495
1914,Africa,son,475.0444444444444,1970,0.503
1915,Asia,all,404.36842105263156,1970,0.58
1916,Asia,daughter,404.36842105263156,1970,0.575
1917,Asia,son,404.36842105263156,1970,0.591
1918,Europe,all,412.51162790697674,1970,0.611
1919,Europe,daughter,412.51162790697674,1970,0.608
1920,Europe,son,412.51162790697674,1970,0.613
1921,North America,all,388.1,1970,0.526
1922,North America,daughter,388.1,1970,0.517
1923,North America,son,388.1,1970,0.535
1924,Oceania,all,481.0,1970,0.819
1925,Oceania,daughter,435.7142857142857,1970,0.806
1926,Oceania,son,435.7142857142857,1970,0.839
1927,South America,all,364.0,1970,0.495
1928,South America,daughter,364.0,1970,0.494
1929,South America,son,364.0,1970,0.491
1930,Developing economies,all,434.7155172413793,1970,0.531
1931,Developing economies,daughter,431.55652173913046,1970,0.524
1932,Developing economies,son,431.55652173913046,1970,0.543
1933,High-income economies,all,405.86842105263156,1970,0.642
1934,High-income economies,daughter,405.86842105263156,1970,0.645
1935,High-income economies,son,405.86842105263156,1970,0.635
1936,Afghanistan,all,4.0,1980,0.378
1937,Afghanistan,daughter,4.0,1980,0.331
1938,Afghanistan,son,4.0,1980,0.378
1939,Albania,all,8.0,1980,0.602
1940,Albania,daughter,8.0,1980,0.59
1941,Albania,son,8.0,1980,0.625
1942,Angola,all,24.0,1980,0.28
1943,Angola,daughter,24.0,1980,0.223
1944,Angola,son,24.0,1980,0.352
1945,Argentina,all,32.0,1980,0.659
1946,Argentina,daughter,32.0,1980,0.679
1947,Argentina,son,32.0,1980,0.624
1948,Armenia,all,51.0,1980,0.507
1949,Armenia,all,51.0,1980,0.507
1950,Armenia,daughter,51.0,1980,0.563
1951,Armenia,daughter,51.0,1980,0.563
1952,Armenia,son,51.0,1980,0.445
1953,Armenia,son,51.0,1980,0.445
1954,Australia,all,36.0,1980,0.779
1955,Australia,daughter,36.0,1980,0.751
1956,Australia,son,36.0,1980,0.811
1957,Austria,all,40.0,1980,0.599
1958,Austria,daughter,40.0,1980,0.674
1959,Austria,son,40.0,1980,0.497
1960,Azerbaijan,all,31.0,1980,0.586
1961,Azerbaijan,all,31.0,1980,0.586
1962,Azerbaijan,daughter,31.0,1980,0.595
1963,Azerbaijan,daughter,31.0,1980,0.595
1964,Azerbaijan,son,31.0,1980,0.585
1965,Azerbaijan,son,31.0,1980,0.585
1966,Bangladesh,all,50.0,1980,0.342
1967,Bangladesh,daughter,50.0,1980,0.316
1968,Bangladesh,son,50.0,1980,0.365
1969,Belarus,all,112.0,1980,0.688
1970,Belarus,daughter,112.0,1980,0.668
1971,Belarus,son,112.0,1980,0.706
1972,Belgium,all,56.0,1980,0.697
1973,Belgium,daughter,56.0,1980,0.642
1974,Belgium,son,56.0,1980,0.75
1975,Benin,all,204.0,1980,0.255
1976,Benin,daughter,204.0,1980,0.225
1977,Benin,son,204.0,1980,0.326
1978,Bhutan,all,64.0,1980,0.256
1979,Bhutan,daughter,64.0,1980,0.12
1980,Bhutan,son,64.0,1980,0.412
1981,Bolivia,all,68.0,1980,0.57
1982,Bolivia,daughter,68.0,1980,0.525
1983,Bolivia,son,68.0,1980,0.628
1984,Bosnia and Herzegovina,all,70.0,1980,0.563
1985,Bosnia and Herzegovina,daughter,70.0,1980,0.505
1986,Bosnia and Herzegovina,son,70.0,1980,0.62
1987,Botswana,all,72.0,1980,0.673
1988,Botswana,daughter,72.0,1980,0.75
1989,Botswana,son,72.0,1980,0.578
1990,Brazil,all,76.0,1980,0.633
1991,Brazil,daughter,76.0,1980,0.658
1992,Brazil,son,76.0,1980,0.603
1993,Bulgaria,all,100.0,1980,0.404
1994,Bulgaria,daughter,100.0,1980,0.333
1995,Bulgaria,son,100.0,1980,0.46
1996,Burkina Faso,all,854.0,1980,0.049
1997,Burkina Faso,daughter,854.0,1980,0.051
1998,Burkina Faso,son,854.0,1980,0.081
1999,Cabo Verde,all,132.0,1980,0.597
2000,Cabo Verde,daughter,132.0,1980,0.439
2001,Cabo Verde,son,132.0,1980,0.863
2002,Cambodia,all,116.0,1980,0.385
2003,Cambodia,daughter,116.0,1980,0.394
2004,Cambodia,son,116.0,1980,0.381
2005,Cameroon,all,120.0,1980,0.366
2006,Cameroon,daughter,120.0,1980,0.423
2007,Cameroon,son,120.0,1980,0.321
2008,Canada,all,124.0,1980,0.745
2009,Canada,daughter,124.0,1980,0.755
2010,Canada,son,124.0,1980,0.733
2011,Central African Republic,all,140.0,1980,0.489
2012,Central African Republic,daughter,140.0,1980,0.524
2013,Central African Republic,son,140.0,1980,0.473
2014,Chad,all,148.0,1980,0.359
2015,Chad,daughter,148.0,1980,0.322
2016,Chad,son,148.0,1980,0.38
2017,Chile,all,152.0,1980,0.636
2018,Chile,daughter,152.0,1980,0.654
2019,Chile,son,152.0,1980,0.608
2020,China,all,156.0,1980,0.525
2021,China,daughter,156.0,1980,0.46
2022,China,son,156.0,1980,0.584
2023,Colombia,all,170.0,1980,0.516
2024,Colombia,daughter,170.0,1980,0.536
2025,Colombia,son,170.0,1980,0.491
2026,Comoros,all,174.0,1980,0.359
2027,Comoros,daughter,174.0,1980,0.371
2028,Comoros,son,174.0,1980,0.349
2029,"Congo, Dem. Rep.",all,180.0,1980,0.518
2030,"Congo, Dem. Rep.",daughter,180.0,1980,0.506
2031,"Congo, Dem. Rep.",son,180.0,1980,0.567
2032,"Congo, Rep.",all,178.0,1980,0.531
2033,"Congo, Rep.",daughter,178.0,1980,0.491
2034,"Congo, Rep.",son,178.0,1980,0.571
2035,Costa Rica,all,188.0,1980,0.653
2036,Costa Rica,daughter,188.0,1980,0.655
2037,Costa Rica,son,188.0,1980,0.65
2038,Cote d'Ivoire,all,384.0,1980,0.348
2039,Cote d'Ivoire,daughter,384.0,1980,0.376
2040,Cote d'Ivoire,son,384.0,1980,0.325
2041,Croatia,all,191.0,1980,0.546
2042,Croatia,daughter,191.0,1980,0.528
2043,Croatia,son,191.0,1980,0.558
2044,Cyprus,all,196.0,1980,0.8
2045,Cyprus,all,196.0,1980,0.8
2046,Cyprus,daughter,196.0,1980,0.791
2047,Cyprus,daughter,196.0,1980,0.791
2048,Cyprus,son,196.0,1980,0.8
2049,Cyprus,son,196.0,1980,0.8
2050,Czech Republic,all,203.0,1980,0.625
2051,Czech Republic,daughter,203.0,1980,0.69
2052,Czech Republic,son,203.0,1980,0.555
2053,Denmark,all,208.0,1980,0.807
2054,Denmark,daughter,208.0,1980,0.86
2055,Denmark,son,208.0,1980,0.748
2056,Djibouti,all,262.0,1980,0.535
2057,Djibouti,daughter,262.0,1980,0.518
2058,Djibouti,son,262.0,1980,0.556
2059,Dominican Republic,all,214.0,1980,0.661
2060,Dominican Republic,daughter,214.0,1980,0.694
2061,Dominican Republic,son,214.0,1980,0.628
2062,Ecuador,all,218.0,1980,0.498
2063,Ecuador,daughter,218.0,1980,0.492
2064,Ecuador,son,218.0,1980,0.502
2065,"Egypt, Arab Rep.",all,818.0,1980,0.581
2066,"Egypt, Arab Rep.",daughter,818.0,1980,0.528
2067,"Egypt, Arab Rep.",son,818.0,1980,0.641
2068,El Salvador,all,222.0,1980,0.562
2069,El Salvador,daughter,222.0,1980,0.594
2070,El Salvador,son,222.0,1980,0.527
2071,Estonia,all,233.0,1980,0.667
2072,Estonia,daughter,233.0,1980,0.651
2073,Estonia,son,233.0,1980,0.675
2074,Ethiopia,all,231.0,1980,0.276
2075,Ethiopia,daughter,231.0,1980,0.212
2076,Ethiopia,son,231.0,1980,0.364
2077,Fiji,all,242.0,1980,0.648
2078,Fiji,daughter,242.0,1980,0.665
2079,Fiji,son,242.0,1980,0.667
2080,Finland,all,246.0,1980,0.779
2081,Finland,daughter,246.0,1980,0.798
2082,Finland,son,246.0,1980,0.754
2083,France,all,250.0,1980,0.763
2084,France,daughter,250.0,1980,0.777
2085,France,son,250.0,1980,0.748
2086,Gabon,all,266.0,1980,0.607
2087,Gabon,daughter,266.0,1980,0.584
2088,Gabon,son,266.0,1980,0.619
2089,Georgia,all,268.0,1980,0.554
2090,Georgia,all,268.0,1980,0.554
2091,Georgia,daughter,268.0,1980,0.554
2092,Georgia,daughter,268.0,1980,0.554
2093,Georgia,son,268.0,1980,0.553
2094,Georgia,son,268.0,1980,0.553
2095,Germany,all,276.0,1980,0.718
2096,Germany,daughter,276.0,1980,0.656
2097,Germany,son,276.0,1980,0.772
2098,Ghana,all,288.0,1980,0.46
2099,Ghana,daughter,288.0,1980,0.448
2100,Ghana,son,288.0,1980,0.492
2101,Greece,all,300.0,1980,0.691
2102,Greece,daughter,300.0,1980,0.667
2103,Greece,son,300.0,1980,0.711
2104,Guatemala,all,320.0,1980,0.244
2105,Guatemala,daughter,320.0,1980,0.178
2106,Guatemala,son,320.0,1980,0.318
2107,Guinea,all,324.0,1980,0.38
2108,Guinea,daughter,324.0,1980,0.415
2109,Guinea,son,324.0,1980,0.357
2110,Guinea-Bissau,all,624.0,1980,0.437
2111,Guinea-Bissau,daughter,624.0,1980,0.363
2112,Guinea-Bissau,son,624.0,1980,0.47
2113,Honduras,all,340.0,1980,0.426
2114,Honduras,daughter,340.0,1980,0.413
2115,Honduras,son,340.0,1980,0.44
2116,Hungary,all,348.0,1980,0.424
2117,Hungary,daughter,348.0,1980,0.431
2118,Hungary,son,348.0,1980,0.408
2119,Iceland,all,352.0,1980,0.755
2120,Iceland,daughter,352.0,1980,0.756
2121,Iceland,son,352.0,1980,0.754
2122,India,all,356.0,1980,0.358
2123,India,daughter,356.0,1980,0.298
2124,India,son,356.0,1980,0.432
2125,Indonesia,all,360.0,1980,0.579
2126,Indonesia,daughter,360.0,1980,0.558
2127,Indonesia,son,360.0,1980,0.603
2128,"Iran, Islamic Rep.",all,364.0,1980,0.644
2129,"Iran, Islamic Rep.",daughter,364.0,1980,0.639
2130,"Iran, Islamic Rep.",son,364.0,1980,0.653
2131,Iraq,all,368.0,1980,0.436
2132,Iraq,daughter,368.0,1980,0.388
2133,Iraq,son,368.0,1980,0.494
2134,Ireland,all,372.0,1980,0.648
2135,Ireland,daughter,372.0,1980,0.658
2136,Ireland,son,372.0,1980,0.636
2137,Israel,all,376.0,1980,0.818
2138,Israel,daughter,376.0,1980,0.814
2139,Israel,son,376.0,1980,0.822
2140,Italy,all,380.0,1980,0.662
2141,Italy,daughter,380.0,1980,0.659
2142,Italy,son,380.0,1980,0.665
2143,Japan,all,392.0,1980,0.705
2144,Japan,daughter,392.0,1980,0.705
2145,Japan,son,392.0,1980,0.705
2146,Jordan,all,400.0,1980,0.759
2147,Jordan,daughter,400.0,1980,0.741
2148,Jordan,son,400.0,1980,0.778
2149,Kazakhstan,all,398.0,1980,0.692
2150,Kazakhstan,all,398.0,1980,0.692
2151,Kazakhstan,daughter,398.0,1980,0.654
2152,Kazakhstan,daughter,398.0,1980,0.654
2153,Kazakhstan,son,398.0,1980,0.742
2154,Kazakhstan,son,398.0,1980,0.742
2155,Kenya,all,404.0,1980,0.635
2156,Kenya,daughter,404.0,1980,0.657
2157,Kenya,son,404.0,1980,0.609
2158,Kiribati,all,296.0,1980,0.787
2159,Kiribati,daughter,296.0,1980,0.806
2160,Kiribati,son,296.0,1980,0.77
2161,"Korea, Rep.",all,410.0,1980,0.806
2162,"Korea, Rep.",daughter,410.0,1980,0.772
2163,"Korea, Rep.",son,410.0,1980,0.836
2164,Kyrgyz Republic,all,417.0,1980,0.658
2165,Kyrgyz Republic,daughter,417.0,1980,0.664
2166,Kyrgyz Republic,son,417.0,1980,0.66
2167,Lao PDR,all,418.0,1980,0.51
2168,Lao PDR,daughter,418.0,1980,0.503
2169,Lao PDR,son,418.0,1980,0.539
2170,Latvia,all,428.0,1980,0.622
2171,Latvia,daughter,428.0,1980,0.593
2172,Latvia,son,428.0,1980,0.629
2173,Lebanon,all,422.0,1980,0.544
2174,Lebanon,daughter,422.0,1980,0.769
2175,Lebanon,son,422.0,1980,0.441
2176,Lesotho,all,426.0,1980,0.712
2177,Lesotho,daughter,426.0,1980,0.625
2178,Lesotho,son,426.0,1980,1.214
2179,Liberia,all,430.0,1980,0.585
2180,Liberia,daughter,430.0,1980,0.5
2181,Liberia,son,430.0,1980,0.734
2182,Lithuania,all,440.0,1980,0.698
2183,Lithuania,daughter,440.0,1980,0.655
2184,Lithuania,son,440.0,1980,0.747
2185,"Macedonia, FYR",all,807.0,1980,0.466
2186,"Macedonia, FYR",daughter,807.0,1980,0.35
2187,"Macedonia, FYR",son,807.0,1980,0.553
2188,Madagascar,all,450.0,1980,0.395
2189,Madagascar,daughter,450.0,1980,0.401
2190,Madagascar,son,450.0,1980,0.391
2191,Malawi,all,454.0,1980,0.559
2192,Malawi,daughter,454.0,1980,0.564
2193,Malawi,son,454.0,1980,0.566
2194,Malaysia,all,458.0,1980,0.71
2195,Malaysia,daughter,458.0,1980,0.723
2196,Malaysia,son,458.0,1980,0.695
2197,Maldives,all,462.0,1980,0.874
2198,Maldives,daughter,462.0,1980,0.879
2199,Maldives,son,462.0,1980,0.863
2200,Mali,all,466.0,1980,0.266
2201,Mali,daughter,466.0,1980,0.383
2202,Mali,son,466.0,1980,0.189
2203,Mauritania,all,478.0,1980,0.497
2204,Mauritania,daughter,478.0,1980,0.41
2205,Mauritania,son,478.0,1980,0.597
2206,Mauritius,all,480.0,1980,0.633
2207,Mauritius,daughter,480.0,1980,0.623
2208,Mauritius,son,480.0,1980,0.656
2209,Mexico,all,484.0,1980,0.597
2210,Mexico,daughter,484.0,1980,0.612
2211,Mexico,son,484.0,1980,0.581
2212,Moldova,all,498.0,1980,0.56
2213,Moldova,daughter,498.0,1980,0.523
2214,Moldova,son,498.0,1980,0.609
2215,Mongolia,all,496.0,1980,0.733
2216,Mongolia,daughter,496.0,1980,0.752
2217,Mongolia,son,496.0,1980,0.702
2218,Montenegro,all,499.0,1980,0.459
2219,Montenegro,daughter,499.0,1980,0.539
2220,Montenegro,son,499.0,1980,0.39
2221,Morocco,all,504.0,1980,0.464
2222,Morocco,daughter,504.0,1980,0.363
2223,Morocco,son,504.0,1980,0.592
2224,Mozambique,all,508.0,1980,0.344
2225,Mozambique,daughter,508.0,1980,0.204
2226,Mozambique,son,508.0,1980,0.42
2227,Namibia,all,516.0,1980,0.523
2228,Namibia,daughter,516.0,1980,0.545
2229,Namibia,son,516.0,1980,0.496
2230,Nepal,all,524.0,1980,0.284
2231,Nepal,daughter,524.0,1980,0.211
2232,Nepal,son,524.0,1980,0.394
2233,Netherlands,all,528.0,1980,0.723
2234,Netherlands,daughter,528.0,1980,0.708
2235,Netherlands,son,528.0,1980,0.739
2236,New Zealand,all,554.0,1980,
2237,New Zealand,daughter,554.0,1980,
2238,New Zealand,son,554.0,1980,
2239,Nicaragua,all,558.0,1980,0.567
2240,Nicaragua,daughter,558.0,1980,0.55
2241,Nicaragua,son,558.0,1980,0.584
2242,Niger,all,562.0,1980,0.392
2243,Niger,daughter,562.0,1980,0.382
2244,Niger,son,562.0,1980,0.456
2245,Nigeria,all,566.0,1980,0.477
2246,Nigeria,daughter,566.0,1980,0.42
2247,Nigeria,son,566.0,1980,0.61
2248,Norway,all,578.0,1980,0.725
2249,Norway,daughter,578.0,1980,0.688
2250,Norway,son,578.0,1980,0.767
2251,Pakistan,all,586.0,1980,0.392
2252,Pakistan,daughter,586.0,1980,0.322
2253,Pakistan,son,586.0,1980,0.434
2254,Panama,all,591.0,1980,0.527
2255,Panama,daughter,591.0,1980,0.506
2256,Panama,son,591.0,1980,0.542
2257,Papua New Guinea,all,598.0,1980,0.604
2258,Papua New Guinea,daughter,598.0,1980,0.513
2259,Papua New Guinea,son,598.0,1980,0.656
2260,Paraguay,all,600.0,1980,0.598
2261,Paraguay,daughter,600.0,1980,0.572
2262,Paraguay,son,600.0,1980,0.623
2263,Peru,all,604.0,1980,0.594
2264,Peru,daughter,604.0,1980,0.612
2265,Peru,son,604.0,1980,0.589
2266,Philippines,all,608.0,1980,0.844
2267,Philippines,daughter,608.0,1980,0.919
2268,Philippines,son,608.0,1980,0.793
2269,Poland,all,616.0,1980,0.663
2270,Poland,daughter,616.0,1980,0.678
2271,Poland,son,616.0,1980,0.639
2272,Portugal,all,620.0,1980,0.486
2273,Portugal,daughter,620.0,1980,0.52
2274,Portugal,son,620.0,1980,0.438
2275,Romania,all,642.0,1980,0.314
2276,Romania,daughter,642.0,1980,0.208
2277,Romania,son,642.0,1980,0.426
2278,Russian Federation,all,643.0,1980,0.63
2279,Russian Federation,all,643.0,1980,0.63
2280,Russian Federation,daughter,643.0,1980,0.638
2281,Russian Federation,daughter,643.0,1980,0.638
2282,Russian Federation,son,643.0,1980,0.628
2283,Russian Federation,son,643.0,1980,0.628
2284,Rwanda,all,646.0,1980,0.452
2285,Rwanda,daughter,646.0,1980,0.393
2286,Rwanda,son,646.0,1980,0.51
2287,Sao Tome and Principe,all,678.0,1980,0.435
2288,Sao Tome and Principe,daughter,678.0,1980,0.775
2289,Sao Tome and Principe,son,678.0,1980,0.375
2290,Senegal,all,686.0,1980,0.505
2291,Senegal,daughter,686.0,1980,0.493
2292,Senegal,son,686.0,1980,0.53
2293,Serbia,all,688.0,1980,0.56
2294,Serbia,daughter,688.0,1980,0.528
2295,Serbia,son,688.0,1980,0.583
2296,Sierra Leone,all,694.0,1980,0.436
2297,Sierra Leone,daughter,694.0,1980,0.404
2298,Sierra Leone,son,694.0,1980,0.452
2299,Slovak Republic,all,703.0,1980,0.6
2300,Slovak Republic,daughter,703.0,1980,0.558
2301,Slovak Republic,son,703.0,1980,0.64
2302,Slovenia,all,705.0,1980,0.672
2303,Slovenia,daughter,705.0,1980,0.578
2304,Slovenia,son,705.0,1980,0.729
2305,South Africa,all,710.0,1980,0.802
2306,South Africa,daughter,710.0,1980,0.785
2307,South Africa,son,710.0,1980,0.82
2308,South Sudan,all,728.0,1980,0.584
2309,South Sudan,daughter,728.0,1980,0.599
2310,South Sudan,son,728.0,1980,0.55
2311,Spain,all,724.0,1980,0.695
2312,Spain,daughter,724.0,1980,0.788
2313,Spain,son,724.0,1980,0.613
2314,Sri Lanka,all,144.0,1980,0.597
2315,Sri Lanka,daughter,144.0,1980,0.537
2316,Sri Lanka,son,144.0,1980,0.655
2317,Sudan,all,736.0,1980,0.282
2318,Sudan,daughter,736.0,1980,0.315
2319,Sudan,son,736.0,1980,0.258
2320,Swaziland,all,748.0,1980,0.619
2321,Swaziland,daughter,748.0,1980,0.659
2322,Swaziland,son,748.0,1980,0.575
2323,Sweden,all,752.0,1980,0.774
2324,Sweden,daughter,752.0,1980,0.755
2325,Sweden,son,752.0,1980,0.787
2326,Switzerland,all,756.0,1980,0.654
2327,Switzerland,daughter,756.0,1980,0.606
2328,Switzerland,son,756.0,1980,0.695
2329,"Taiwan, China",all,158.0,1980,0.678
2330,"Taiwan, China",daughter,158.0,1980,0.693
2331,"Taiwan, China",son,158.0,1980,0.662
2332,Tajikistan,all,762.0,1980,0.759
2333,Tajikistan,daughter,762.0,1980,0.772
2334,Tajikistan,son,762.0,1980,0.71
2335,Tanzania,all,834.0,1980,0.544
2336,Tanzania,daughter,834.0,1980,0.541
2337,Tanzania,son,834.0,1980,0.537
2338,Thailand,all,764.0,1980,0.641
2339,Thailand,daughter,764.0,1980,0.671
2340,Thailand,son,764.0,1980,0.628
2341,Timor-Leste,all,626.0,1980,0.417
2342,Timor-Leste,daughter,626.0,1980,0.368
2343,Timor-Leste,son,626.0,1980,0.481
2344,Togo,all,768.0,1980,0.36
2345,Togo,daughter,768.0,1980,0.373
2346,Togo,son,768.0,1980,0.393
2347,Tonga,all,776.0,1980,0.719
2348,Tonga,daughter,776.0,1980,0.799
2349,Tonga,son,776.0,1980,0.565
2350,Tunisia,all,788.0,1980,0.544
2351,Tunisia,daughter,788.0,1980,0.486
2352,Tunisia,son,788.0,1980,0.598
2353,Turkey,all,792.0,1980,0.438
2354,Turkey,all,792.0,1980,0.438
2355,Turkey,daughter,792.0,1980,0.35
2356,Turkey,daughter,792.0,1980,0.35
2357,Turkey,son,792.0,1980,0.557
2358,Turkey,son,792.0,1980,0.557
2359,Tuvalu,all,798.0,1980,0.612
2360,Uganda,all,800.0,1980,0.506
2361,Uganda,daughter,800.0,1980,0.52
2362,Uganda,son,800.0,1980,0.511
2363,Ukraine,all,804.0,1980,0.623
2364,Ukraine,daughter,804.0,1980,0.589
2365,Ukraine,son,804.0,1980,0.66
2366,United Kingdom,all,826.0,1980,0.831
2367,United Kingdom,daughter,826.0,1980,0.803
2368,United Kingdom,son,826.0,1980,0.857
2369,United States,all,840.0,1980,0.692
2370,United States,daughter,840.0,1980,0.707
2371,United States,son,840.0,1980,0.667
2372,Uruguay,all,858.0,1980,0.545
2373,Uruguay,daughter,858.0,1980,0.553
2374,Uruguay,son,858.0,1980,0.53
2375,Uzbekistan,all,860.0,1980,0.761
2376,Uzbekistan,daughter,860.0,1980,0.813
2377,Uzbekistan,son,860.0,1980,0.702
2378,Vanuatu,all,548.0,1980,0.59
2379,Vanuatu,daughter,548.0,1980,0.658
2380,Vanuatu,son,548.0,1980,0.529
2381,"Venezuela, RB",all,862.0,1980,0.665
2382,"Venezuela, RB",daughter,862.0,1980,0.677
2383,"Venezuela, RB",son,862.0,1980,0.651
2384,Vietnam,all,704.0,1980,0.511
2385,Vietnam,daughter,704.0,1980,0.492
2386,Vietnam,son,704.0,1980,0.552
2387,West Bank and Gaza,all,275.0,1980,0.66
2388,West Bank and Gaza,daughter,275.0,1980,0.602
2389,West Bank and Gaza,son,275.0,1980,0.684
2390,"Yemen, Rep.",all,887.0,1980,0.64
2391,"Yemen, Rep.",daughter,887.0,1980,0.415
2392,"Yemen, Rep.",son,887.0,1980,0.749
2393,Zambia,all,894.0,1980,0.592
2394,Zambia,daughter,894.0,1980,0.581
2395,Zambia,son,894.0,1980,0.598
2396,Africa,all,475.0444444444444,1980,0.472
2397,Africa,daughter,475.0444444444444,1980,0.462
2398,Africa,son,475.0444444444444,1980,0.509
2399,Asia,all,404.36842105263156,1980,0.59
2400,Asia,daughter,404.36842105263156,1980,0.573
2401,Asia,son,404.36842105263156,1980,0.608
2402,Europe,all,412.51162790697674,1980,0.627
2403,Europe,daughter,412.51162790697674,1980,0.613
2404,Europe,son,412.51162790697674,1980,0.638
2405,North America,all,388.1,1980,0.567
2406,North America,daughter,388.1,1980,0.566
2407,North America,son,388.1,1980,0.567
2408,Oceania,all,481.0,1980,0.677
2409,Oceania,daughter,435.7142857142857,1980,0.699
2410,Oceania,son,435.7142857142857,1980,0.666
2411,South America,all,364.0,1980,0.591
2412,South America,daughter,364.0,1980,0.596
2413,South America,son,364.0,1980,0.585
2414,Developing economies,all,434.7155172413793,1980,0.529
2415,Developing economies,daughter,431.55652173913046,1980,0.516
2416,Developing economies,son,431.55652173913046,1980,0.552
2417,High-income economies,all,405.86842105263156,1980,0.69
2418,High-income economies,daughter,405.86842105263156,1980,0.685
2419,High-income economies,son,405.86842105263156,1980,0.689
